date,norm_BDI,norm_GSCPI,norm_WTI,norm_CPI,norm_INDPRO,norm_VIX,GSSI_bucketed,GSSI_equal,GSSI_invvol,regime,percentile,contrib_A_freight,contrib_B_frictions,contrib_C_energy_costs,contrib_D_production,contrib_overlay_vix
2001-02-28,-0.07687641697360442,-1.4949407584135483,-1.789082425561691,0.9964210985528104,1.9762047369654865,-0.14121006960621155,-0.2626626263029889,-0.08824730583945971,-0.06605392586899105,Normal,50.0,-0.019219104243401106,-0.3737351896033871,-0.09908266587611009,0.2470255921206858,-0.017651258700776443
2001-03-31,-1.1243653927619273,-0.7961650463429972,-1.0386237811061043,0.1372354625415474,0.8224044708132369,1.863160814103812,-0.25711048898216954,-0.022725578792072043,0.030494226464253704,Normal,100.0,-0.2810913481904818,-0.1990412615857493,-0.11267353982056962,0.10280055885165461,0.2328951017629765
2001-04-30,-0.12075328543830613,-2.0540585901947215,-1.1905411921416214,0.4954105813480302,1.1349440081086806,1.5740494080516692,-0.29197011823741204,-0.02682484504437821,0.03131954158038519,Normal,0.0,-0.030188321359576532,-0.5135146475486804,-0.0868913263491989,0.14186800101358507,0.19675617600645864
2001-05-31,-0.8902912220957245,-2.217426158326124,-0.883812992331453,1.0197490102319529,1.3475072563788544,-0.42476338780930506,-0.6445943592967059,-0.3415062489919665,-0.2991691954283523,Normal,0.0,-0.22257280552393113,-0.554356539581531,0.016992002237562476,0.1684384070473568,-0.05309542347616313
2001-06-30,-0.2947660622095234,-0.8400316122727983,-0.5664618755950036,0.41005406900042896,1.3905812633093462,-1.1602984499226154,-0.2744650427715609,-0.17682044461502758,-0.15688201513978559,Normal,50.0,-0.07369151555238085,-0.21000790306819958,-0.01955097582432183,0.17382265791366827,-0.14503730624032693
2001-07-31,-3.0,-1.1968278522903044,-0.8615913969251623,-0.342983355948547,1.5613268090421657,-0.6035034758120064,-1.08005089052802,-0.7405965453223091,-0.6552091795600439,Normal,0.0,-0.75,-0.2992069630725761,-0.15057184410921365,0.1951658511302707,-0.0754379344765008
2001-08-31,-1.3992323352827267,-1.0141203638988368,-0.8743265867583054,-0.3367360849879973,0.38263421336456227,-0.762227558895429,-0.802170176955037,-0.6673347860764555,-0.6378384046145189,Normal,16.67,-0.3498080838206817,-0.2535300909747092,-0.15138283396828783,0.047829276670570284,-0.09527844486192863
2001-09-30,0.20511260849259905,-0.7110308255748856,-0.9880591504869186,-0.5410440533605579,1.2017980869733458,3.0,0.207607306120162,0.3611294443405971,0.4386268295299652,Normal,100.0,0.05127815212314976,-0.1777577063937214,-0.19113790048093457,0.15022476087166822,0.375
2001-10-31,-1.13590260618572,-2.139897889885266,-1.589571465467231,-1.2943101094539107,0.6699348287882549,2.603982501728797,-0.7701956545682576,-0.48096079007917925,-0.36980690541456607,Normal,25.0,-0.28397565154643,-0.5349744724713165,-0.3604851968651427,0.08374185359853187,0.3254978127160996
2001-11-30,0.03052164395303254,-2.541854893793746,-2.2870954260259335,-1.6230312475376976,1.3543124325737987,0.6162653279695787,-0.8702769265877099,-0.7418136938101612,-0.6505025438509648,Normal,11.11,0.007630410988258135,-0.6354637234484365,-0.4887658341954539,0.16928905407172484,0.07703316599619733
2001-12-31,0.0420791883754955,-1.641216646971371,-1.9107191683626716,-2.002167071663111,0.12491720779403513,-0.22299008389344327,-0.9011542541646178,-0.9350160957868443,-0.8879310485776077,Normal,10.0,0.010519797093873875,-0.41030416174284273,-0.48911078000322283,0.015614650974254391,-0.02787376048668041
2002-01-31,0.34758684211906116,-0.9699654449532182,-0.9944692774763941,-2.4902403318133786,-1.3787381278429158,-0.64341812914867,-0.8439528839937092,-1.021540744852586,-1.0068633570041916,Normal,27.27,0.08689671052976529,-0.24249136123830456,-0.4355887011612216,-0.17234226598036448,-0.08042726614358375
2002-02-28,1.4652583187622101,0.0915403400924187,0.0012605325784560556,-2.3489516754890234,0.04581985446283196,-0.4477974995345008,0.045491066215877694,-0.1988116881879346,-0.1655616146689471,Normal,91.67,0.36631457969055253,0.022885085023104674,-0.2934613928638209,0.005727481807853995,-0.0559746874418126
2002-03-31,0.442870521582867,0.18579943995919512,1.2174177942564242,-1.852631033046169,-1.4684410305370124,-1.584428376129328,-0.30384284029649516,-0.5099021139856705,-0.5099626665234085,Normal,53.85,0.11071763039571675,0.04644985998979878,-0.07940165484871811,-0.18355512881712654,-0.198053547016166
2002-04-30,-0.698103629219128,-0.20368871850199122,1.5962249914093771,-1.3814744608510712,-0.9157492041066337,-1.2509817009747304,-0.46944563374566206,-0.4756287870406962,-0.4402451794857099,Normal,50.0,-0.174525907304782,-0.050922179625497804,0.026843816319788244,-0.11446865051332922,-0.1563727126218413
2002-05-31,0.06014043889998879,0.48496132278710347,1.3399545052137782,-1.852790782033336,-0.7128045061158302,-1.1561423711003282,-0.1614474538326915,-0.3061135653914373,-0.280195303044381,Normal,86.67,0.015035109724997197,0.12124033069677587,-0.06410453460244472,-0.08910056326447878,-0.14451779638754103
2002-06-30,-0.5186504578796187,-0.3142622514168085,-0.1552885232556221,-1.9701385533237405,-1.593510607574409,0.3553639916319871,-0.6286748888893299,-0.6994144003030353,-0.6769286094981551,Normal,43.75,-0.12966261446990468,-0.07856556285420213,-0.2656783845724203,-0.19918882594680112,0.04442049895399839
2002-07-31,-0.5259510963000885,-1.1110610055778591,-0.2646292490670889,-1.3767453576996955,0.2516302191130053,2.8840790511969794,-0.22246119252658686,-0.023779573055791148,0.07844790482449127,Normal,82.35,-0.13148777407502213,-0.2777652513944648,-0.20517182584584806,0.031453777389125664,0.3605098813996224
2002-08-31,0.739676219379677,-1.4064764094228015,-0.1183315398734107,-0.9912429184238987,0.41403260507638423,2.516221791954757,0.06088494483094792,0.19231329144845122,0.27709548301821607,Normal,94.44,0.18491905484491925,-0.3516191023557004,-0.13869680728716366,0.05175407563454803,0.31452772399434464
2002-09-30,3.0,-1.5069387247244972,0.5373889838754066,-1.2471837143800337,-0.0069819607769082866,3.0,0.6586682324086838,0.6293807639989946,0.7019760827956083,Elevated,100.0,0.75,-0.3767346811811243,-0.0887243413130784,-0.0008727450971135358,0.375
2002-10-31,0.21657379463795703,-1.6957617143521715,-0.009407378233017395,-0.6002785081695641,0.6220129679669878,2.368340329025216,-0.07221355360485082,0.15024658181256795,0.24283586691056808,Normal,80.0,0.05414344865948926,-0.4239404285880429,-0.07621073580032268,0.07775162099587347,0.296042541128152
2002-11-30,0.8925175140336841,-0.47942730697121533,-0.8727661134735325,-0.3183732048461181,-1.0478356007507694,0.6786425553005998,-0.09176899370561035,-0.1912070261178919,-0.21829780907469332,Normal,76.19,0.22312937850842102,-0.11985682674280383,-0.14889241478995632,-0.13097945009384618,0.08483031941257498
2002-12-31,1.0146327661842258,-0.3045825771137188,-0.4632123955949291,-0.03859875644947471,1.385712827576653,0.6745103135267547,0.3723140459000023,0.3780770296882518,0.4084350905971538,Normal,95.45,0.25365819154605646,-0.0761456442784297,-0.06272639400555048,0.17321410344708163,0.08431378919084434
2003-01-31,-1.4779216547741496,-0.15520233904397612,0.4459002157096215,0.3029422547030399,-1.6680447133499183,0.4911658143028155,-0.4617855520338366,-0.3435267370754278,-0.35766917988961494,Normal,39.13,-0.3694804136935374,-0.03880058476099403,0.09360530880158269,-0.2085055891687398,0.061395726787851934
2003-02-28,1.4171829207951914,0.6327188903200993,1.797117152525808,0.7825137543334291,-0.06392582469449411,1.5447362623404957,1.0200306208419776,1.018390525936755,1.0202396306042003,Elevated,100.0,0.35429573019879784,0.15817972258002483,0.32245386335740467,-0.007990728086811763,0.19309203279256196
2003-03-31,0.8188704051988429,0.5743109573663769,0.3866909531758172,0.6189271553928656,0.7467624245677985,1.1462760349185135,0.7106274116481793,0.7153063217700357,0.7198030009681304,Elevated,96.0,0.20471760129971073,0.14357773934159423,0.12570226357108535,0.09334530307097481,0.14328450436481419
2003-04-30,0.8622473890414877,-0.005976297320186756,-1.3102653218325921,-0.45729758015260724,1.4449475946931887,-0.32181853336803995,0.1335135428478189,0.03530620851020835,0.04509207443796294,Normal,80.77,0.21556184726037192,-0.001494074330046689,-0.2209453627481499,0.18061844933664858,-0.040227316671004994
2003-05-31,-0.3144911422699918,0.8744728295784353,-1.7106157998079934,-0.8076966288588137,0.20247770954769534,-1.1401164837822633,-0.291998478535561,-0.48266158593215525,-0.5167176342129637,Normal,40.74,-0.07862278556749795,0.21861820739460883,-0.31478905358335085,0.025309713693461917,-0.1425145604727829
2003-06-30,-0.24756774944415424,1.0867092195770673,-0.881966799741489,-0.7255672393704364,-0.12988451361372438,-1.088965074822094,-0.14351258591023972,-0.33120702623580506,-0.36521888254444135,Normal,64.29,-0.06189193736103856,0.27167730489426684,-0.2009417548889907,-0.016235564201715548,-0.13612063435276175
2003-07-31,0.044021426037972156,1.3667129530624413,0.14638139945954032,-0.5788940020337793,-0.9589779303985773,-1.3285812140510993,0.01267462639711392,-0.218222894653917,-0.2708231534828981,Normal,72.41,0.011005356509493039,0.34167823826561033,-0.05406407532177987,-0.11987224129982216,-0.1660726517563874
2003-08-31,0.1736878913750303,1.1561074329949448,0.3444028406540664,-0.3655873997719194,0.6338300881875293,-1.271222262579806,0.25012673940372765,0.1118697651433076,0.10144858066633441,Normal,86.67,0.043421972843757574,0.2890268582487362,-0.0026480698897316246,0.07922876102344116,-0.15890278282247575
2003-09-30,3.0,1.4556492173290572,-0.8604773474242151,-0.15171072256176316,-1.2424396336152723,-1.185344485846229,0.6839157806513294,0.16927950464692973,0.044501681472364496,Elevated,93.55,0.75,0.3639123043322643,-0.12652350874824728,-0.15530495420190904,-0.14816806073077862
2003-10-31,3.0,0.6017407086144998,-0.4583561545676254,-0.5899482913947427,-0.09057845307582152,-1.4845219689866147,0.5725095686505245,0.16305597343161593,0.0984728110980016,Elevated,87.5,0.75,0.15043517715362495,-0.131038055745296,-0.01132230663447769,-0.18556524612332684
2003-11-30,-0.5626227868863107,0.2224361915741725,-0.464657351627618,-0.7323342272128769,-1.2798599037641216,-1.5753483533806694,-0.5915716283261954,-0.7320644052162373,-0.7732815115446909,Normal,24.24,-0.14065569672157768,0.05560904789354312,-0.14962394735506185,-0.1599824879705152,-0.19691854417258367
2003-12-31,0.3671054157122437,0.3455563483791886,0.4623183996703597,-0.5816852556326876,0.13499115194599162,-1.6486874101974187,-0.025967448253861297,-0.15340022502038708,-0.16053907536466963,Normal,64.71,0.09177635392806092,0.08638908709479715,-0.014920856995290985,0.016873893993248953,-0.20608592627467734
2004-01-31,1.0985376691357245,0.014530183417714252,0.41773318786942615,-0.5869839456934076,-0.13354213748454982,-1.7489853382111733,0.021794683948396648,-0.1564517301610443,-0.17495522690304238,Normal,68.57,0.2746344172839311,0.003632545854428563,-0.021156344727997684,-0.016692767185568728,-0.21862316727639666
2004-02-29,-0.7679776958086854,0.31957700210127443,0.33690404578759686,-1.0315668704912302,-1.124630208405469,-1.7116527670886625,-0.5534683984515734,-0.6632244156508627,-0.6799176022133152,Normal,25.0,-0.19199442395217134,0.07989425052531861,-0.08683285308795416,-0.1405787760506836,-0.21395659588608282
2004-03-31,-1.030736055300341,1.2647845610740907,0.494653990421131,-0.9453568630064267,1.09856832784916,-1.3190416629395867,-0.025384899516027903,-0.07285461698366213,-0.042341444757682256,Normal,64.86,-0.25768401382508527,0.31619614026852266,-0.05633785907316197,0.137321040981145,-0.16488020786744834
2004-04-30,-1.7860517749757014,2.309725493291958,0.03665725935409615,-0.19284175248416716,-0.611863390604724,-1.6868435420554992,-0.17594299864472257,-0.32186961791233953,-0.37780908824191145,Normal,50.0,-0.44651294374392536,0.5774313733229895,-0.019523061641258874,-0.0764829238255905,-0.2108554427569374
2004-05-31,-1.7330523576674493,2.075582604373042,0.594064955646794,0.6236600449846804,-1.37839262959544,-1.2416025268718653,-0.08965120780308064,-0.17662331818837307,-0.2523647590862469,Normal,58.97,-0.4332630894168623,0.5188956510932605,0.1522156250789343,-0.17229907869943,-0.15520031585898317
2004-06-30,-0.9416833623226157,2.112850475323973,-0.2020453286005733,0.9821957374146223,1.9401970006230305,-1.680913937605352,0.4227209622293052,0.36843343080551416,0.337791873372835,Normal,87.5,-0.23542084058065393,0.5282126188309932,0.09751880110175612,0.2425246250778788,-0.210114242200669
2004-07-31,2.653637842110948,0.010821687589127531,0.27471693175040846,0.6586801326242462,-1.4023348013767016,-1.6016047647569023,0.4072970697051501,0.09898617132352105,-0.002300070537386567,Normal,85.37,0.663409460527737,0.002705421897281883,0.11667463304683183,-0.1752918501720877,-0.20020059559461278
2004-08-31,0.021015908675496603,1.2394714340217439,0.3152002204840625,0.11834347878899247,0.07585475300709965,-1.3340431454648918,0.21204124902621793,0.07264044158541721,0.034961857671439056,Normal,78.57,0.005253977168874151,0.30986785850543597,0.05419296240913187,0.009481844125887456,-0.16675539318311147
2004-09-30,-0.4059370864207005,1.004408251032854,0.9114712846926516,0.10614493893596484,-0.05331418734664766,-1.7998663738996827,0.04517224895082414,-0.03951552883426007,-0.06577179990435256,Normal,67.44,-0.10148427160517512,0.2511020627582135,0.12720202795357705,-0.006664273418330958,-0.22498329673746034
2004-10-31,1.3525327687931699,-0.42266580827315575,1.5264800994478738,1.0049486034205206,-1.6214045156620147,-1.5789626973158635,0.14884942636631804,0.04348807506842167,-0.02456316065277786,Normal,75.0,0.33813319219829246,-0.10566645206828894,0.3164285878585493,-0.20267556445775184,-0.19737033716448293
2004-11-30,1.5676401293162463,0.8834806019921237,0.03596561254512512,1.5849310294092231,-0.28800002808595143,-1.7963819507768248,0.5548445157135389,0.33127256573332375,0.22492561490588442,Elevated,88.89,0.3919100323290616,0.22087015049803094,0.20261208024429353,-0.03600000351074393,-0.2245477438471031
2004-12-31,-2.1835535202663348,1.275604694233747,-0.8361739286417649,1.1643731737921368,-1.4648293578717035,-1.9470342500260829,-0.6124452518515737,-0.665268864796667,-0.7702456826211062,Normal,17.39,-0.5458883800665837,0.3189011735584367,0.04102490564379649,-0.18310366973396294,-0.24337928125326036
2005-01-31,-0.4316810100010487,0.7089624517788713,-1.2224565489154633,0.4674494311656488,-0.5004845575264874,-1.7083313681133987,-0.3011575199792569,-0.4477569336019796,-0.5252375038797674,Normal,29.79,-0.10792025250026217,0.17724061294471782,-0.09437588971872682,-0.06256056969081092,-0.21354142101417484
2005-02-28,0.16840444714568764,0.7016121664747801,-0.5047278016127507,0.7487150985018994,-1.2815212670003235,-1.9673508572549763,-0.158106450015652,-0.3558113689576139,-0.4579591594034449,Normal,47.92,0.04210111178642191,0.17540304161869502,0.030498412111143597,-0.16019015837504044,-0.24591885715687203
2005-03-31,-0.39365708561702095,0.3376294119813213,1.204147401662221,0.9521619615465631,0.5798390845215027,-1.658255636967856,0.12072968293637895,0.17031085618778846,0.15942670446662355,Normal,71.43,-0.09841427140425524,0.08440735299533032,0.269538670401098,0.07247988556518783,-0.207281954620982
2005-04-30,-1.5752031021946626,-2.178216605448762,0.4037394912331836,1.1530914236968477,-0.17690234617044154,-1.3899222716959203,-0.9396041397778975,-0.6272355684299592,-0.609050501245055,Normal,2.0,-0.39380077554866566,-0.5445541513621905,0.1946038643662539,-0.022112793271305192,-0.17374028396199004
2005-05-31,-1.493917333265342,-1.3266717522257894,-0.20644291557650177,0.45937252661293043,0.09470857449965499,-1.446218527326763,-0.8424698140966178,-0.6531949045469684,-0.6404373561198069,Normal,9.8,-0.3734793333163355,-0.33166793805644734,0.03161620137955358,0.011838571812456873,-0.18077731591584537
2005-06-30,-1.8709421594950342,-1.1865885794161066,-0.2237714982710031,0.002810654248602999,-0.6878440080161594,-1.7710215861684688,-1.0993609895036638,-0.9562261961863615,-0.9548711470048894,Normal,0.0,-0.46773553987375854,-0.29664714485402666,-0.027620105502800012,-0.08598050100201993,-0.2213776982710586
2005-07-31,-2.3305248790205213,-1.0522417434376439,0.24290731518217104,0.7335666859995158,0.9903851236438505,-1.8607100531558136,-0.8324230216558259,-0.5461029251314068,-0.5097884983215206,Normal,13.21,-0.5826312197551303,-0.26306043585941097,0.12205925014771085,0.1237981404554813,-0.2325887566444767
2005-08-31,3.0,-0.13429660166493934,1.5442554915105995,1.534117894361563,-0.4239407505815732,-1.497697538184395,0.8610177367220393,0.6704064159068758,0.5951909844269038,Elevated,98.15,0.75,-0.033574150416234835,0.38479667323402034,-0.05299259382269665,-0.1872121922730494
2005-09-30,0.6848236296305001,1.2192587408492097,0.6049670302275645,3.0,3.0,-1.519330238034216,1.111725191644096,1.1649531937788429,1.1256780712984442,Elevated,100.0,0.17120590740762504,0.3048146852123024,0.4506208787784456,0.375,-0.189916279754277
2005-10-31,0.3218688119536797,0.8516632920497447,-0.0776504075420162,2.321423852385928,-2.1728805360218293,-1.1161600588198284,0.16272463225113787,0.02137749233427977,-0.12814583955458547,Normal,75.0,0.08046720298841993,0.21291582301243617,0.28047168060548894,-0.27161006700272866,-0.13952000735247855
2005-11-30,-0.9621833735551897,-0.48516736503285196,-1.1709085822064476,0.9359283337491471,-1.926122186437214,-1.549659167392611,-0.8256828849329011,-0.859685390145861,-0.9519594712076327,Normal,14.04,-0.24054584338879742,-0.12129184125821299,-0.02937253105716256,-0.24076527330465175,-0.19370739592407638
2005-12-31,-1.0987531440452978,-0.6219739504691791,-1.0944980165524818,0.9252843683649512,-0.7232575268575657,-1.659945727708442,-0.7492338864728114,-0.7121906662113358,-0.7692685965787471,Normal,18.97,-0.27468828601132445,-0.15549348761729478,-0.021151706023441325,-0.09040719085719572,-0.20749321596355524
2006-01-31,-1.115314328387688,0.18201364066552564,-0.12987349934877368,1.788937757087683,-0.03631937412119152,-1.4998388645576253,-0.21796191954802904,-0.13506577811034498,-0.1921217548226971,Normal,45.76,-0.278828582096922,0.04550341016638141,0.20738303221736365,-0.00453992176514894,-0.18747985806970316
2006-02-28,1.8904069499541514,-0.693512263587352,-0.08412457201221905,1.2624084587399422,0.1845221917373425,-1.4037895454934441,0.2941007382131525,0.19265186988973676,0.13639079494322132,Normal,81.67,0.47260173748853784,-0.173378065896838,0.1472854858409654,0.023065273967167812,-0.17547369318668052
2006-03-31,-0.6412845788308842,0.1422421815692634,-0.07515114583015739,0.9648000762787046,-0.16839026232064744,-1.5010879272228899,-0.22223925670227898,-0.21314527605943515,-0.25735920370546395,Normal,44.26,-0.16032114470772105,0.03556054539231585,0.1112061163060684,-0.02104878279008093,-0.18763599090286123
2006-04-30,-0.5146666780944132,1.309805236277847,-0.038310832486970474,1.2017913343712683,-0.3183434545148651,-1.4482794008151574,0.1233918453651428,0.03199936745628487,-0.04505272306454705,Normal,70.97,-0.1286666695236033,0.32745130906946174,0.14543506273553722,-0.03979293181435814,-0.18103492510189467
2006-05-31,0.05036248679128344,1.2895433349644556,0.551520561580296,1.6435045731201567,0.223588983335864,-1.0229237083914704,0.5094377566445405,0.45593270523343093,0.39143961571456387,Elevated,87.3,0.01259062169782086,0.3223858337411139,0.2743781418375566,0.027948622916983,-0.1278654635489338
2006-06-30,1.3770449503406064,1.3885046391382598,0.39193485370992953,1.8649226279122346,-0.34595323146090134,-0.631310176242645,0.8513366566095437,0.6741906105662473,0.5737248100784991,Elevated,95.31,0.3442612375851516,0.34712615978456496,0.2821071852027705,-0.04324415393261267,-0.07891377203033062
2006-07-31,0.5932923988121307,0.7773712284715864,-0.022445488770949044,1.723958479605533,0.37765426952054765,-0.8717026371606432,0.49359898472024033,0.42968804174636754,0.36221987685619916,Normal,84.62,0.14832309970303267,0.1943428071178966,0.21268912385432298,0.047206783690068456,-0.1089628296450804
2006-08-31,1.0313513148367321,1.1479827558393336,-0.282753343718114,1.4693592815181367,-0.5905408907617049,-1.169150774281243,0.4731978017636508,0.26770805723885677,0.160528798107162,Normal,83.33,0.25783782870918304,0.2869956889598334,0.14832574222500283,-0.07381761134521311,-0.14614384678515538
2006-09-30,-0.00806683624726217,-0.538904124591687,-1.174632976550949,-0.8757618281713538,0.6103925152887537,-1.3344719447647593,-0.48355201948452586,-0.5535741991728762,-0.5445019803448992,Normal,25.37,-0.0020167090618155425,-0.13472603114792175,-0.25629935059028786,0.07629906441109421,-0.1668089930955949
2006-10-31,-0.019602836203894445,-0.25137996377823607,-1.9077934542755328,-1.6023808668408785,0.5037031525170009,-1.4480815128456803,-0.624564785176169,-0.7875892469045369,-0.7834939525098796,Normal,20.59,-0.004900709050973611,-0.06284499094455902,-0.4387717901395514,0.06296289406462512,-0.18101018910571004
2006-11-30,0.34015312942217174,0.439335866403405,-1.7157439949283362,-0.8953247096123785,0.3555604467201481,-1.4990307356835493,-0.27444512523162035,-0.49584166627975645,-0.5282170724906887,Normal,37.68,0.08503828235554294,0.10983396660085125,-0.3263835880675893,0.04444505584001851,-0.18737884196044366
2006-12-31,-0.09131475687762267,-0.11250631584003445,-0.6164205911603008,-0.21786167226555425,-1.7716097481521464,-1.4521899358123194,-0.5582155116032044,-0.7103171700179963,-0.7770659076461226,Normal,24.29,-0.022828689219405666,-0.028126578960008614,-0.10428528292823189,-0.2214512185190183,-0.18152374197653992
2007-01-31,-0.47356892495689207,-1.0958728919823675,-0.9109973141033348,-0.759377738141358,0.9546636341990398,-1.4166044884723694,-0.6588999425495676,-0.6169596205762138,-0.5816368713885732,Normal,16.9,-0.11839223123922302,-0.27396822299559187,-0.20879688153058662,0.11933295427487997,-0.17707556105904618
2007-02-28,0.7356283841536854,-0.6997789362451928,-0.42129278648070145,-0.3351008868410269,-1.5917976946182026,-1.376625957504042,-0.4566398037033735,-0.6148279795892467,-0.6682643578370533,Normal,31.94,0.18390709603842134,-0.1749447340612982,-0.09454920916521604,-0.19897471182727533,-0.17207824468800526
2007-03-31,0.751066774214278,-0.4059522801234129,-0.5666828772141369,0.12759941512328388,-0.060839547529487135,-0.7588310785186355,-0.07106563749465568,-0.15227326567468508,-0.17849111069054097,Normal,57.53,0.1877666935535695,-0.10148807003085322,-0.05488543276135663,-0.007604943441185892,-0.09485388481482944
2007-04-30,0.9546872538727267,-0.9830174926314097,0.7687574739993697,-0.1246107526063684,-1.0371665208009857,-1.0865676007704146,-0.19203098471197064,-0.2513196064895137,-0.2677559336158228,Normal,47.3,0.23867181346818167,-0.24575437315785242,0.08051834017412515,-0.1296458151001232,-0.13582095009630182
2007-05-31,-0.5358707406583555,0.04098121053276714,0.07218777792213538,0.020080241980964586,0.11269125978224914,-1.0193298010741345,-0.22551869770499527,-0.21821000858572895,-0.22224955224055487,Normal,42.67,-0.13396768516458887,0.010245302633191785,0.011533502487887495,0.014086407472781143,-0.12741622513426681
2007-06-30,0.16556730711309217,0.13786686708784854,0.3688331298583752,-0.0012135727592940012,0.18743708898908043,-0.7622497206354686,0.04995940923182182,0.016040183275605635,0.01258905443572364,Normal,67.11,0.04139182677827304,0.034466716771962135,0.04595244463738515,0.023429636123635054,-0.09528121507943357
2007-07-31,0.5920604355185323,-0.009177299869447106,0.6784514202827695,-0.4676139223522003,0.5408824211785875,-0.4086388563952766,0.18860591675150631,0.15432736639382755,0.17924754855437003,Normal,75.32,0.14801510887963307,-0.0022943249673617765,0.026354687241321152,0.06761030264732344,-0.05107985704940957
2007-08-31,0.5569176232566838,0.7998275354275443,0.5434257940673611,-0.9899766561199607,-0.08821369627251124,0.7614219009690945,0.367518457501555,0.26390041688803534,0.28328776078182283,Normal,80.77,0.13922940581417095,0.19995688385688606,-0.05581885775657494,-0.011026712034063905,0.09517773762113681
2007-09-30,1.4720611647208868,0.9653957318441314,0.8428572646381283,0.18921722195583054,-0.1474737111822804,0.3288538881208275,0.7610460570828177,0.608485260016254,0.5823617032773647,Elevated,94.94,0.3680152911802217,0.24134893296103285,0.12900931082424485,-0.01843421389778505,0.04110673601510344
2007-10-31,0.6775515174824082,-0.46843197623157,0.680370489420158,1.1633266386229715,0.8725489424553148,-0.1393673403221875,0.3743897265847417,0.46433304523784913,0.4690862600336573,Normal,81.25,0.16938787937060204,-0.1171079940578925,0.2304621410053912,0.10906861780691435,-0.017420917540273438
2007-11-30,-0.552295378049616,-0.1451431938510899,1.683027843983412,2.105896989678343,-0.7850996255613125,0.8443472578532295,0.3066619152690325,0.5251223156754943,0.5042710205664082,Normal,77.78,-0.138073844512404,-0.036285798462772474,0.47361560420771937,-0.09813745319516406,0.10554340723165369
2007-12-31,-1.0111337518130017,0.6979364028323093,0.5549498024065577,1.72697726057031,0.2317933691672891,0.2386727942700127,0.2657498160565981,0.40653264623891283,0.38174498121718003,Normal,75.61,-0.2527834379532504,0.17448410070807732,0.28524088287210847,0.028974171145911137,0.029834099283751588
2008-01-31,-2.724713511742273,0.12186248633083631,0.07263451748406091,1.922437789617025,0.5712487819905379,0.8758033930870216,-0.22044719608052854,0.13987890946120146,0.15122958371017653,Normal,42.17,-0.6811783779355682,0.030465621582709077,0.24938403838763573,0.07140609774881723,0.1094754241358777
2008-02-29,1.6491296321799613,2.2172520556667026,-0.41768630460700334,1.698215437265267,1.0986496821295135,0.8135020345644299,1.3656805281306916,1.1765104228664787,1.101943355603975,Elevated,100.0,0.41228240804499033,0.5543130139166756,0.16006614158228294,0.1373312102661892,0.10168775432055374
2008-03-31,0.22414286976757875,1.3985579383942157,0.5813340022032002,1.4672057192833756,0.9087463634695907,1.0590449231531398,0.9077165780541119,0.9398386360451834,0.9210145734874193,Elevated,96.47,0.056035717441894686,0.34963948459855393,0.25606746518582196,0.11359329543369884,0.13238061539414248
2008-04-30,0.91098717678902,1.3066832709298062,0.9993554437771577,1.3616583708266634,1.597109163376151,0.19899865625416607,1.0740578162089738,1.0624653469921606,1.0531901961530352,Elevated,97.67,0.227746794197255,0.32667081773245155,0.29512672682547764,0.19963864542201887,0.02487483203177076
2008-05-31,1.3679526601574656,0.6824793347032002,1.717095627457607,1.5633209202143128,1.4918491699921375,-0.30423722221304506,1.0711115606465431,1.086410081718613,1.0823131779015114,Elevated,96.55,0.3419881650393664,0.17061983367580005,0.41005206845899,0.18648114624901718,-0.03802965277663063
2008-06-30,-1.3879968035526813,1.6538058642277995,1.3664179018671387,2.538526875662673,0.7188616302095135,0.28671014936477446,0.680266834806792,0.8627209362965363,0.831376352696407,Elevated,87.5,-0.3469992008881703,0.4134514660569499,0.48811809719122645,0.0898577037761892,0.03583876867059681
2008-07-31,-1.1456642569115967,3.0,0.7737123793555464,3.0,0.9650435511753436,0.6286809596824358,1.1345135470487666,1.2036287722169547,1.1316074472166553,Elevated,98.88,-0.28641606422789917,0.75,0.4717140474194433,0.12063044389691795,0.07858511996030447
2008-08-31,-1.5132191003005346,1.528122717621967,-0.9981903861036627,2.756377393845931,3.0,0.060943657172825974,0.6061172374447449,0.8056723803727545,0.785696112272289,Elevated,84.44,-0.37830477507513366,0.38203067940549174,0.21977337596778354,0.375,0.007617957146603247
2008-09-30,-3.0,-0.3825520820968692,-2.05608913201179,2.274417676438744,3.0,1.5533123471440629,-0.24918290907784024,0.2315148015790246,0.2802088693050661,Normal,35.16,-0.75,-0.0956380205242173,0.027291068053369227,0.375,0.19416404339300786
2008-10-31,-3.0,-1.421041944198773,-3.0,0.9189252651616913,-1.4057438614824709,3.0,-1.1661128105897907,-0.8179767567532585,-0.8254228903442398,Normal,0.0,-0.75,-0.35526048604969324,-0.26013434185478856,-0.17571798268530886,0.375
2008-11-30,-1.067799475296343,-2.6459361505760652,-3.0,-1.8811375149849012,2.088104502888761,3.0,-0.9025630329801195,-0.5844614396614247,-0.4336332330656385,Normal,4.3,-0.2669498688240857,-0.6614840376440163,-0.6101421893731127,0.2610130628610951,0.375
2008-12-31,0.4059317577897915,-0.6954044620818622,-3.0,-3.0,3.0,3.0,-0.07236817607301771,-0.04824545071534514,0.09681367148485676,Normal,50.0,0.10148293944744788,-0.17385111552046556,-0.75,0.375,0.375
2009-01-31,2.222400300450337,-0.015887046886842886,-2.976278422466115,-2.9939353341980652,3.0,2.652321202898016,0.511891744170103,0.31477011663288834,0.4196816012468939,Elevated,82.11,0.5556000751125842,-0.0039717617217107214,-0.7462767195830226,0.375,0.331540150362252
2009-02-28,3.0,-0.10622842121606976,-2.0855849660996104,-2.755114125100133,0.8230031138107148,2.6653565679838365,0.5544004685203335,0.25690536156312294,0.3087797238312478,Elevated,82.29,0.75,-0.02655710530401744,-0.605087386399968,0.10287538922633935,0.33316957099797956
2009-03-31,-1.1593819216719323,1.324028710525017,0.6743691737531105,-3.0,2.0861666359039037,2.495760644149683,0.32319875393910835,0.4034905404432969,0.5640765436004359,Normal,72.16,-0.2898454804179831,0.33100717763125426,-0.2907038532808612,0.26077082948798797,0.3119700805187104
2009-04-30,0.4450887735033242,2.8025369800291386,0.7996694590056168,-3.0,1.0778889775846707,1.7091036497555343,0.8852391991763434,0.6390479733130474,0.7168418165155368,Elevated,92.86,0.11127219337583105,0.7006342450072847,-0.2750413176242979,0.13473612219808384,0.2136379562194418
2009-05-31,3.0,1.5823592957404684,2.56962086236066,-3.0,1.3049321292651737,1.0422582168413461,1.3851912249935148,1.0831950840346078,1.1821128137583554,Elevated,100.0,0.75,0.3955898239351171,-0.05379739220491753,0.1631165161581467,0.13028227710516826
2009-06-30,0.21419845528311318,-0.278572278977441,2.173935564760026,-3.0,0.4655500383760425,0.7347111161932257,0.03068113399257981,0.05163714927249438,0.18902245722434205,Normal,54.0,0.053549613820778295,-0.06964306974436026,-0.10325805440499675,0.05819375479700531,0.09183888952415321
2009-07-31,-0.705446255528767,-0.8047125653117312,1.236524551479041,-3.0,-1.5059766695988894,0.4160670405263304,-0.7342128399093143,-0.7272573164056694,-0.6394302402425894,Normal,13.86,-0.17636156388219176,-0.2011781413279328,-0.22043443106511987,-0.18824708369986118,0.0520083800657913
2009-08-31,-1.548578201603082,-1.657617247807908,0.7618421077781314,-3.0,-1.4445498631572649,0.32741151737717467,-1.2209608921029924,-1.093581947902158,-0.9866815034614718,Normal,0.0,-0.3871445504007705,-0.414404311951977,-0.27976973652773357,-0.1805687328946581,0.04092643967214683
2009-09-30,-0.5591268596315498,-0.23472169758669742,-0.3423714220671941,-3.0,-1.1482089536808227,0.2824730924360219,-0.7244755497185611,-0.8336593067550402,-0.7798276781460305,Normal,15.53,-0.13978171490788746,-0.058680424396674355,-0.41779642775839926,-0.14352611921010283,0.03530913655450274
2009-10-31,1.8478577396601628,-0.16795042042142175,0.6645658572822221,-2.0533065653499207,-0.3459798550062876,0.2088478081670889,0.2292427354463231,0.025672427388640597,0.0626388252528623,Normal,67.31,0.4619644349150407,-0.04198760510535544,-0.17359258850846232,-0.04324748187578595,0.026105976020886112
2009-11-30,1.0978121278781192,-0.8939497903621291,0.20496753401318776,-0.4599088381456165,-0.5578048873807123,0.15881990405280114,-0.03077520155354495,-0.07501065832405832,-0.06807599591233632,Normal,50.48,0.2744530319695298,-0.22348744759053227,-0.031867663016553596,-0.06972561092258904,0.019852488006600142
2009-12-31,-1.2857106258487452,-0.4911047485270594,0.04601412134532784,0.19730441588962142,-0.5185389836864305,-0.11551035259093076,-0.49304519347425263,-0.3612576955697027,-0.35449415125525724,Normal,23.58,-0.3214276564621863,-0.12277618713176484,0.030414817154368657,-0.06481737296080381,-0.014438794073866345
2010-01-31,-0.41015997130894727,0.1521873441358689,-0.16153691562905392,0.05544447858108606,-1.4094124637637602,-0.17971371700434646,-0.2763954840202789,-0.3255318741648588,-0.3660176575432158,Normal,31.78,-0.10253999282723682,0.038046836033967225,-0.013261554630995983,-0.17617655797047002,-0.022464214625543308
2010-02-28,-0.3408606049751652,0.5287539980245455,-0.4505569759810901,-0.2894608866187702,-0.4638034836490979,0.026463063044349422,-0.10019643713823102,-0.1649108150258714,-0.18351425723504378,Normal,46.3,-0.0852151512437913,0.13218849950613637,-0.09250223282498254,-0.05797543545613724,0.0033078828805436777
2010-03-31,0.3246218881573959,1.683035983001367,0.18104062573923346,-0.18900722857528773,-0.8667039530263702,-0.4914574072947235,0.33114847239504724,0.10692165133360249,0.049099256673141634,Normal,73.39,0.08115547203934897,0.42075899575034176,-0.0009958253545067838,-0.10833799412829627,-0.061432175911840435
2010-04-30,0.4419325355005807,1.504539533314596,0.10664602169089535,-0.24695723603092032,-0.4085531593099916,-0.5272943563891402,0.3520981759488995,0.14505222312933663,0.10058466080477879,Normal,73.64,0.11048313387514518,0.376134883328649,-0.01753890179250312,-0.05106914491374895,-0.06591179454864253
2010-05-31,0.9258557908655368,1.7944163362785983,-0.5231329460700873,-0.39670046767139727,-1.7323043537144993,1.0591743880176616,0.4809476093562434,0.18788479128430213,0.11145332302468788,Normal,79.28,0.2314639477163842,0.4486040840696496,-0.11497917671768557,-0.21653804421431241,0.1323967985022077
2010-06-30,-2.2133906225230437,0.7414787359987176,-0.7355469528692984,-1.051153680022199,-0.1904878501821667,0.8316150824115327,-0.5111746467138479,-0.43624754786440956,-0.4045912454628414,Normal,22.32,-0.5533476556307609,0.1853696839996794,-0.22333757911143717,-0.02381098127277084,0.10395188530144159
2010-07-31,-1.043481448460045,0.7154445929423172,-0.8619649215328007,-0.8800858855506136,-0.44403252066871274,0.351282357253759,-0.3113593351917279,-0.3604729710026826,-0.36207472344917746,Normal,27.43,-0.26087036211501125,0.1788611482355793,-0.21775635088542677,-0.05550406508358909,0.043910294656719875
2010-08-31,1.7362952179486606,1.477810978525708,-0.0982903935632976,-1.0163083104119746,-0.42478031805077304,0.25998992908604085,0.6436029125010915,0.3224528505890606,0.28784268474907077,Elevated,85.96,0.43407380448716515,0.369452744631427,-0.13932483799690903,-0.05309753975634663,0.032498741135755106
2010-09-30,-0.6288417552151788,1.5918168036556128,-0.3261270153467155,-1.0326184981849609,-0.3288503192089264,0.013765883798293126,0.0315150184923198,-0.11847581675031259,-0.13061675315065704,Normal,55.65,-0.1572104388037947,0.3979542009139032,-0.16984318919145955,-0.0411062899011158,0.0017207354747866407
2010-10-31,0.3232419824344898,2.244087867895337,0.08354671618587435,-0.9890263658742988,0.4340652355327265,-0.22357096579438882,0.5549592900886957,0.3120574117299567,0.29788242610947574,Elevated,83.62,0.08081049560862245,0.5610219669738342,-0.11318495621105305,0.054258154441590815,-0.027946370724298602
2010-11-30,-1.2102671423508906,1.7052611421468582,0.211792686741892,-1.0432442301286362,-0.05702635966413882,-0.2526432842544791,-0.018891648464178366,-0.10768786458489907,-0.10157781345972802,Normal,52.14,-0.30256678558772265,0.42631528553671455,-0.10393144292334303,-0.007128294958017352,-0.031580410531809884
2010-12-31,-0.9003316919705017,2.212995039204122,0.7016653059042103,-0.7728103529248604,-1.238969318279848,-0.532816533209774,0.09779947449462105,-0.08837792521277531,-0.1277998649056004,Normal,59.32,-0.22508292299262542,0.5532487598010305,-0.00889313087758127,-0.154871164784981,-0.06660206665122174
2011-01-31,-1.9789539994643452,2.3149120497451854,0.18689251442926122,-0.5725814939205037,0.3457458061514312,-0.5582821111542432,0.00921135200845323,-0.04371120570220243,-0.045941884336695174,Normal,52.1,-0.4947384998660863,0.5787280124362963,-0.04821112243640531,0.0432182257689289,-0.0697852638942804
2011-02-28,0.5184276190610386,1.4390376167236318,0.03227072438643278,-0.2532398229115518,0.591956698603942,-0.5434654049450656,0.46780658333788727,0.2974979051530713,0.2774725272001246,Normal,77.5,0.12960690476525966,0.35975940418090796,-0.027621137315639876,0.07399458732549274,-0.0679331756181332
2011-03-31,0.9701732441950575,2.1850048680116028,0.5522744421043768,0.11804589108015212,-1.3232855857554096,-0.1727652790000234,0.6855782116053021,0.3882412634392926,0.3042507894915582,Elevated,89.26,0.24254331104876437,0.5462512170029007,0.08379004164806611,-0.1654106982194262,-0.021595659875002924
2011-04-30,-0.9594383073877829,3.0,0.9744536290224539,0.46193811388050854,0.4984665835796942,-0.6753349131636067,0.6675808498179356,0.550014184321878,0.5126690610937561,Elevated,86.89,-0.23985957684694573,0.75,0.1795489678628703,0.062308322947461775,-0.08441686414545084
2011-05-31,0.6931992452206357,2.4053048507627213,0.40107515424566015,0.7477909126950297,-0.09395307719733767,-0.5966077582075704,0.8319141779378121,0.5928015545865231,0.5153614210381695,Elevated,91.06,0.17329981130515892,0.6013262126906803,0.14360825836758623,-0.011744134649667209,-0.0745759697759463
2011-06-30,-0.3460056948849399,0.9405314227645759,-0.7199492943805524,0.7765877423102711,-0.3364683452465778,-0.34126723400184944,0.07099429055507045,-0.0044285672398454365,-0.06381558905717885,Normal,57.26,-0.08650142372123497,0.23513285569114398,0.007079805991214827,-0.04205854315582223,-0.04265840425023118
2011-07-31,-0.6402389157030675,1.1062639776741516,-1.0151335708841076,0.8310573777041707,-0.5899603890675947,-0.33094502511835816,-0.021616435427965187,-0.10649275756580094,-0.17846403845335032,Normal,48.8,-0.16005972892576686,0.2765659944185379,-0.02300952414749212,-0.07374504863344934,-0.04136812813979477
2011-08-31,1.2636073091657156,0.3547650781158014,-1.187292948139669,0.9589082097653553,-0.8321145590483602,1.4628399091394009,0.4548856732849701,0.3367854998330406,0.267470789639503,Normal,75.4,0.3159018272914289,0.08869126952895034,-0.028548092296789215,-0.10401431988104502,0.1828549886424251
2011-09-30,0.7228551250743853,-0.5067522851983878,-0.9655696570468759,0.9964542776945551,0.19066849345524856,1.6172751943935704,0.2838792485310616,0.34248852472874924,0.32796446146636016,Normal,66.93,0.18071378126859633,-0.12668807129959694,0.0038605775809598952,0.02383356168190607,0.2021593992991963
2011-10-31,0.03950372638729496,-0.17889562965529412,-0.9594621366802385,0.7701418405880186,-0.85688879506134,1.1821830669689277,-0.01785122884007881,-0.0005696545754385329,-0.03987734292013506,Normal,49.22,0.00987593159682374,-0.04472390741382353,-0.023665037011527487,-0.1071110993826675,0.14777288337111597
2011-11-30,-0.43101267528043136,0.8213638419531584,0.4024805432495444,0.712447816180024,0.0959031308082288,1.0730175973459675,0.3830689276161523,0.4457000423760819,0.441199490256138,Normal,73.64,-0.10775316882010784,0.2053409604882896,0.13936604492869603,0.0119878913510286,0.13412719966824593
2011-12-31,-0.4191912326612928,0.47050179208735426,0.5464705897215587,0.4133379292837894,-0.6342821845398943,0.29221168866766795,0.09004489274815558,0.1115080970931972,0.09475671507468807,Normal,56.92,-0.1047978081653232,0.11762544802183857,0.1199760648756685,-0.07928527306748678,0.03652646108345849
2012-01-31,-3.0,1.2982918883680812,0.594035763891508,0.37120379651972213,-0.7206472482619976,-0.25142111810865075,-0.42628062865290695,-0.2847561529318895,-0.29343302763132956,Normal,23.66,-0.75,0.3245729720920203,0.12065494505140377,-0.0900809060327497,-0.031427639763581344
2012-02-29,0.3925576601130845,0.5555937820119549,-0.03217749537165867,0.28542685005914914,-0.3438407766882014,-0.4549486515415214,0.16884535133848078,0.06710189476380117,0.028910550971742305,Normal,62.12,0.09813941502827113,0.13889844550298872,0.03165616933593631,-0.042980097086025175,-0.05686858144269018
2012-03-31,1.0801543026393126,-0.17992233817618683,0.11513159161290053,0.04301674288199736,0.8005803972706205,-0.707919734234257,0.2564091158071891,0.1918401603323978,0.19404576828281175,Normal,66.17,0.27003857565982814,-0.04498058454404671,0.019768541811862238,0.10007254965882756,-0.08848996677928213
2012-04-30,1.0306153264754696,-0.08256371528281226,-0.15483476333439364,-0.1950264084032423,-0.8905117466359521,-0.5174773124385248,0.01728162394665024,-0.1349664366032426,-0.17359847739926376,Normal,50.0,0.2576538316188674,-0.020640928820703064,-0.0437326464672045,-0.11131396832949401,-0.0646846640548156
2012-05-31,-1.0915739074365367,-0.7618572903348263,-0.7633183635647165,-0.6067836923726173,-0.21903298308741917,-0.15400877588298925,-0.6812507763063085,-0.5994291687798508,-0.5773093786757354,Normal,12.59,-0.2728934768591342,-0.19046432258370657,-0.17126275699216673,-0.027379122885927396,-0.019251096985373656
2012-06-30,0.3107590586916641,-0.8164303930110453,-1.634050486056068,-0.669105304970443,0.09015789563135161,-0.13869803273946096,-0.42037982459667284,-0.47622787707566694,-0.47635721957762606,Normal,24.26,0.07768976467291602,-0.2041075982527613,-0.2878944738783139,0.011269736953918951,-0.01733725409243262
2012-07-31,-0.6321395755097149,-0.7927544365543311,-1.18142964883096,-0.8489036385092397,-0.19069872108469915,-0.5453589323089683,-0.7020223706077449,-0.6985474921329855,-0.687495959266579,Normal,12.41,-0.15803489387742872,-0.19818860913858277,-0.2537916609175249,-0.023837340135587394,-0.06816986653862103
2012-08-31,-1.1621006811252017,0.28289311833187775,-0.34292226639916795,-0.6366286832852659,0.6881789245925334,-0.758638259904847,-0.35105317632292443,-0.3215363079650119,-0.2957335145458571,Normal,25.36,-0.2905251702813004,0.07072327958296944,-0.12244386871055424,0.08602236557406667,-0.09482978248810588
2012-09-30,0.33000196210531113,0.04747281466416062,0.5584916123654443,-0.42932847129739066,0.19607081922339442,-0.8020319875476813,0.034768940785338764,-0.016553875081126906,-0.006610874919349169,Normal,53.96,0.08250049052632778,0.011868203666040154,0.016145392633506707,0.024508852402924303,-0.10025399844346017
2012-10-31,1.5439404194131812,0.5373449198302643,-0.20421475786374646,-0.2676583862047225,-0.3866191185266671,-0.6831417270554785,0.3276170861045346,0.08994189159880511,0.04431666826089019,Normal,71.43,0.3859851048532953,0.13433622995756608,-0.058984143008558615,-0.048327389815833385,-0.08539271588193481
2012-11-30,0.1673916795139636,-0.132622763211297,-0.7771233843685555,-0.5472058774628832,-0.4121379199388632,-0.6317840849472243,-0.2873391792640241,-0.38891372506914323,-0.4077031824304698,Normal,29.08,0.0418479198784909,-0.03315569080282425,-0.16554115772892986,-0.0515172399923579,-0.07897301061840303
2012-12-31,-1.8484068023835902,0.261825020690734,-0.7071058389475392,-0.5736008670105381,-0.23019430287987733,-0.5588070317540772,-0.6553589504972182,-0.6093816370474814,-0.6035185199192861,Normal,14.08,-0.46210170059589756,0.0654562551726835,-0.16008833824475965,-0.028774287859984666,-0.06985087896925965
2013-01-31,0.31552848960477564,0.4585676738761081,0.030111923137661752,-0.6303912578047062,0.0667671839850696,-0.9956040703012294,0.002384513247320391,-0.12583667625038675,-0.13418575703912747,Normal,49.65,0.07888212240119391,0.11464191846902702,-0.07503491683338055,0.0083458979981337,-0.12445050878765368
2013-02-28,-0.12665485454623202,-0.19663183334098144,0.28099211892882203,-0.36574557062323615,-0.5532710988058466,-0.9250258457735097,-0.2762029715060247,-0.3143895140268306,-0.321270426604159,Normal,30.56,-0.031663713636558004,-0.04915795833524536,-0.010594181461801765,-0.06915888735073082,-0.11562823072168871
2013-03-31,0.8732560906412875,-0.513815199002876,0.012132531231927512,-0.7572322558990291,-0.46027437309826624,-1.0401636605030191,-0.19083199687394548,-0.31434947777166256,-0.3216718593292755,Normal,38.62,0.21831402266032188,-0.128453799750719,-0.0931374655833877,-0.05753429663728328,-0.1300204575628774
2013-04-30,-0.3630538091244848,-0.8901069382226399,-0.47219746461640544,-1.0528918518214587,0.22853523202424095,-0.9251938867423202,-0.5910086832312741,-0.5791514530838446,-0.5461187530659725,Normal,17.81,-0.0907634522811212,-0.22252673455565997,-0.19063616455473303,0.02856690400303012,-0.11564923584279002
2013-05-31,-0.4150196658023349,-1.164299691558674,-0.33911334402798154,-0.8483915570841983,-0.003756907531951781,-0.9756766769529137,-0.665697150039883,-0.6243763071596756,-0.5945494909416447,Normal,12.93,-0.10375491645058373,-0.2910749228896685,-0.14843811263902248,-0.00046961344149397264,-0.12195958461911421
2013-06-30,2.074574508072408,-0.7584099867599308,-0.13039081377143796,-0.5878096099046103,-0.18656768668964419,-0.5331049184294608,0.14930700172872508,-0.02028475124711268,-0.030666871027840242,Normal,63.51,0.518643627018102,-0.1896024966899827,-0.08977505295950602,-0.023320960836205523,-0.0666381148036826
2013-07-31,-0.5690463280243999,-0.7350442405628592,0.5042888265752958,-0.45160304202324786,0.5474832693335208,-0.9134832051509,-0.36518691105498113,-0.2695674533087651,-0.22606914812291473,Normal,25.5,-0.14226158200609998,-0.1837610601407148,0.006585723069005997,0.0684354086666901,-0.1141854006438625
2013-08-31,0.2029840768720921,-0.5522603112946615,0.43068450862534646,-0.7242994665402338,-0.7158723214257027,-0.8808597359976884,-0.3236124355229272,-0.37327054162680795,-0.36926020090783157,Normal,26.67,0.05074601921802303,-0.13806507782366537,-0.03670186973936092,-0.08948404017821283,-0.11010746699971105
2013-09-30,3.0,0.029469269118582844,0.3416604845351649,-1.0729563225009062,-0.6136138446881905,-0.8207232877274339,0.48666319598197494,0.14397271645620294,0.11238428422941649,Normal,81.46,0.75,0.007367317279645711,-0.09141197974571766,-0.07670173058602381,-0.10259041096592923
2013-10-31,-1.3038185788370737,0.2098012097994718,-0.5483241127968944,-1.238999460597586,0.22531923644611104,-0.733234267565353,-0.5604091678236158,-0.5648759955918874,-0.5361749845195124,Normal,18.42,-0.32595464470926844,0.05245030244986795,-0.22341544667431007,0.02816490455576388,-0.09165428344566913
2013-11-30,0.8619426929842666,-0.815957509318411,-1.0285971532061111,-0.9486131067673469,-0.2216223684559639,-1.0195465562477366,-0.39080110216818087,-0.5287323335018838,-0.5375626780961058,Normal,25.49,0.21548567324606666,-0.20398937732960276,-0.24715128249668225,-0.027702796056995486,-0.12744331953096708
2013-12-31,1.0436937789237217,-0.40974819677854746,-0.7959035693175569,-0.7221255994300064,-0.174369052340176,-0.8660854867193108,-0.1613240679395877,-0.32075635427697924,-0.337994459714299,Normal,42.21,0.26092344473093043,-0.10243704919463686,-0.18975364609344542,-0.021796131542522,-0.10826068583991386
2014-01-31,-2.5405610455848446,-0.6907580700956333,-0.6565632115673344,-0.6834868771954463,0.6256943604191839,-0.8560457416590973,-1.0041299626704563,-0.8002867642805286,-0.7456514008757011,Normal,2.58,-0.6351402613962112,-0.17268951752390832,-0.1675062610953476,0.07821179505239799,-0.10700571770738716
2014-02-28,0.49518999987118434,0.03915967129374889,0.1464645436577188,-1.027562930680771,-0.9754188614275702,-0.7087380018912051,-0.18706948850149513,-0.338484263196149,-0.35167111949623187,Normal,41.03,0.12379749996779608,0.009789917823437223,-0.11013729837788153,-0.12192735767844627,-0.08859225023640063
2014-03-31,0.25890532043755726,-0.6698107918495679,-0.10542629374914461,-0.6313682730008833,-1.276352006628673,-0.7792515349130105,-0.4517761313894666,-0.5338839299506204,-0.553089361361772,Normal,24.2,0.06472633010938932,-0.16745269796239198,-0.09209932084375348,-0.15954400082858414,-0.09740644186412631
2014-04-30,-1.5537982067949037,-1.0525531438104019,0.17475985353798054,-0.309251347672202,-0.015202532740084677,-0.8505142465165927,-0.7766138718251887,-0.601093270666034,-0.5621022194525818,Normal,8.86,-0.3884495516987259,-0.26313828595260047,-0.016811436766777686,-0.0019003165925105846,-0.10631428081457409
2014-05-31,-0.16083773901964457,-1.0870660128608864,-0.22150305354449096,-0.187417715246916,-0.4276045796001456,-1.0474169610408313,-0.5474687266491807,-0.5219743435521524,-0.5227428636003746,Normal,20.75,-0.04020943475491114,-0.2717665032152216,-0.051115096098925866,-0.0534505724500182,-0.1309271201301039
2014-06-30,-0.5331645484581659,-0.7968760645234702,-0.0018468516532750283,-0.273104209575628,-0.36857991573567356,-1.1512307579954135,-0.5568553701154078,-0.5208003913236043,-0.5165007471874392,Normal,20.0,-0.13329113711454146,-0.19921901613086754,-0.034368882653612876,-0.046072489466959195,-0.1439038447494267
2014-07-31,-0.6327370223308967,-1.036833922298342,-0.21291479934420582,-0.34015336283303466,-0.19226000967614723,-1.0553492400591575,-0.6424774126463779,-0.5783747260902973,-0.5644915196286315,Normal,15.53,-0.15818425558272417,-0.2592084805745855,-0.06913352027215505,-0.024032501209518404,-0.1319186550073947
2014-08-31,2.3059209756223242,-0.6456435671736106,-0.6408408302465153,-0.5470819149920504,0.40433833866725893,-0.9105716181339769,0.20329984902401793,-0.00564643604276166,-0.021216246447731874,Normal,67.9,0.5764802439055811,-0.16141089179340265,-0.1484903431548207,0.05054229233340737,-0.11382145226674711
2014-09-30,-0.4581365593550073,-1.0292348272450484,-1.028624530709109,-0.5701475655305301,-0.28914194741404353,-0.9084631775519889,-0.7213899993007229,-0.7139581013009546,-0.711860367427132,Normal,11.66,-0.11453413983875183,-0.2573087068112621,-0.1998465120299549,-0.03614274342675544,-0.11355789719399861
2014-10-31,1.464129716551357,-0.5766941686086071,-1.4291708055675512,-0.6281551888839741,0.11306447397294112,-0.36819078126113136,-0.067197650731777,-0.23750279229949425,-0.25639424523209187,Normal,50.0,0.36603242913783923,-0.14417354215215178,-0.25716574930644065,0.01413305924661764,-0.04602384765764142
2014-11-30,-1.0116149312201528,-1.3479952233814108,-1.598999836763214,-0.930800078568051,-0.7716812676049306,-0.9112197850764093,-1.1164901596519667,-1.0953851871023614,-1.0938477636907908,Normal,1.21,-0.2529037328050382,-0.3369988058453527,-0.31622498941640814,-0.09646015845061633,-0.11390247313455117
2014-12-31,-1.6000856444337028,-0.16021483839179385,-2.490090535770615,-1.3930244787152788,0.14597346463759198,-0.5696757908167178,-0.9784272882895015,-1.011186303915086,-1.0024232766607828,Normal,3.61,-0.4000214111084257,-0.04005370959794846,-0.4853893768107367,0.018246683079698997,-0.07120947385208973
2015-01-31,-1.1308441403806684,-0.3837429420774846,-2.903733868744932,-2.0932556077356343,1.2850013033446257,-0.2358015974811708,-0.8721204919416772,-0.9103961421792106,-0.8597378875963654,Normal,5.99,-0.2827110350951671,-0.09593573551937115,-0.6246236845600708,0.1606251629180782,-0.02947519968514635
2015-02-28,-0.6178949087373483,-0.015304003486878241,-2.1990976234666615,-1.9502378646936516,1.0619862844212395,-0.6137367267633894,-0.6209354693688645,-0.722380807121115,-0.6868939467835677,Normal,19.05,-0.15447372718433708,-0.0038260008717195602,-0.5186669360200391,0.13274828555265494,-0.07671709084542368
2015-03-31,0.42288351180890094,-0.13801653935030672,-1.3549299204853744,-1.874717070109017,0.6113189980965762,-0.7399157495707939,-0.34856372464392754,-0.5122294616016692,-0.4870649689848243,Normal,31.36,0.10572087795222523,-0.03450413483757668,-0.4037058738242989,0.07641487476207202,-0.09248946869634923
2015-04-30,-0.18952376012331973,-0.07612281389860533,0.671108255620666,-1.9176629437918193,0.9184288315450271,-0.8926033596167481,-0.21900279553584057,-0.24772929837746657,-0.1730242298911257,Normal,42.35,-0.04738094003082993,-0.01903070347465133,-0.15581933602139417,0.11480360394312839,-0.11157541995209351
2015-05-31,-0.12048558489725794,-0.4871998609938508,0.7775262082006579,-1.7861508473953558,0.7611635406690365,-0.9061957251299498,-0.29612846442972857,-0.29355704492445334,-0.21713739675008478,Normal,33.92,-0.030121396224314485,-0.1217999652484627,-0.12607807989933723,0.09514544258362956,-0.11327446564124373
2015-06-30,1.5487137545004435,-1.1243910667785548,1.2358438678372714,-1.6548196754673339,0.5719300617001504,-0.7839743490279704,0.02720316006073685,-0.034449567872665676,0.03566801954094584,Normal,58.72,0.38717843862511087,-0.2810977666946387,-0.05237197595375781,0.0714912577125188,-0.0979967936284963
2015-07-31,1.7907383540955972,-0.1913765462147169,-0.6132706902985737,-1.6035218724229656,-0.8457721561283703,-0.7795875894930363,-0.08042858657264815,-0.3737984167436776,-0.3955184073087797,Normal,49.71,0.4476845885238993,-0.04784413655367922,-0.27709907034019243,-0.10572151951604629,-0.09744844868662954
2015-08-31,-1.0423709327939916,-0.7481851083665888,-1.8449124355958972,-1.5771066670160878,0.38239624612033357,-0.17568349923397536,-0.8495523047558484,-0.8343103994810345,-0.7935090464989821,Normal,6.9,-0.2605927331984979,-0.1870462770916472,-0.42775238782649816,0.047799530765041696,-0.02196043740424692
2015-09-30,-0.1303292554963171,-0.14599902893689826,-1.6102447189468883,-1.7419715433788037,0.5218030595870574,0.4115807566956156,-0.37143612686368116,-0.4491934550793723,-0.41189160194720964,Normal,29.71,-0.032582313874079276,-0.036499757234224564,-0.4190270327907115,0.06522538244838218,0.05144759458695195
2015-10-31,-1.0264497202449692,0.1650998689524759,-0.7423825824804522,-1.6337389887433396,0.8222656789157307,-0.49128119488884975,-0.4709795987227372,-0.48441448974823387,-0.4335903029797029,Normal,25.57,-0.2566124300612423,0.04127496723811897,-0.29701519640297397,0.10278320986446633,-0.06141014936110622
2015-11-30,-0.980542600721541,-0.6659498368298683,-0.26588098865568877,-1.3839103402809998,1.1918118397534976,-0.5588012510722882,-0.5387207019197873,-0.44387886296781476,-0.36636355925072606,Normal,23.73,-0.24513565018038525,-0.16648745920746708,-0.20622391611708607,0.1489764799691872,-0.06985015638403602
2015-12-31,-0.9367990286240705,-0.5803973292569038,-1.2634528514195862,-1.2202222463778942,0.8222384918301667,-0.33999762932490796,-0.6294783688817714,-0.5864384321955327,-0.5395857014230779,Normal,17.42,-0.23419975715601762,-0.14509933231422595,-0.310459387224685,0.10277981147877084,-0.042499703665613495
2016-01-31,-1.6446254257147173,-0.9742411337774006,-2.0210681807185296,-0.758485210358002,-0.6811247005498708,0.3408262733767332,-1.0446981171542382,-0.9564530629569644,-0.9473472166473956,Normal,2.79,-0.4111563564286793,-0.24356028344435016,-0.34744417388456644,-0.08514058756873386,0.04260328417209165
2016-02-29,0.08107444469310233,-0.8862707885969067,-1.8295586904645937,-1.0519315960401139,0.8648461391465122,0.19619656915678332,-0.4288550332511276,-0.4376073203508694,-0.40341257663664504,Normal,29.44,0.020268611173275584,-0.22156769714922667,-0.3601862858130884,0.10810576739331403,0.024524571144597915
2016-03-31,1.298910221314509,-0.6739902667599951,-0.12396883210656719,-1.012874852567452,1.1923084471801684,-0.6049216790776833,0.08754787406718668,0.012577172997163266,0.054889600051802004,Normal,65.19,0.32472755532862724,-0.16849756668999877,-0.1421054605842524,0.14903855589752105,-0.07561520988471042
2016-04-30,2.820197296568849,0.121476596981643,1.4600395659655838,-0.79454881639916,-0.4134273653862057,-0.7892619660407986,0.6682686506550505,0.40074588528165195,0.38828037842817476,Elevated,90.66,0.7050493241422122,0.03036914924541075,0.08318634369580298,-0.051678420673275716,-0.09865774575509982
2016-05-31,-0.6921916906452039,-0.799342692983266,2.900826056987965,-0.8629726400891415,0.4256458541995786,-0.7199926014194894,-0.1549452621972534,0.04199538100840716,0.14086329370748862,Normal,48.63,-0.17304792266130098,-0.1998356732458165,0.2547316771123529,0.05320573177494733,-0.08999907517743617
2016-06-30,0.24585882322175004,0.10419361424986266,1.4788463965280483,-0.8587452355841632,-0.6144797809522767,-0.3655920867597278,0.04251677102188823,-0.0016530448827511424,0.02044331115706398,Normal,61.96,0.06146470580543751,0.026048403562465666,0.07751264511798564,-0.07680997261903459,-0.04569901084496598
2016-07-31,-0.1358998292194024,0.35581488766664554,0.3328332721066144,-1.0156755544221419,-0.08390342345338112,-0.9211406755708909,-0.15600703305566416,-0.24466188714875936,-0.23333655441358964,Normal,48.11,-0.0339749573048506,0.08895372191666139,-0.08535528528944093,-0.01048792793167264,-0.11514258444636136
2016-08-31,0.2709257801573091,0.9017313680689626,-0.44350720374223745,-0.868530932131125,0.3159646881733315,-1.0088799345924397,0.04254511427000912,-0.13871603901103313,-0.1516839489716276,Normal,62.37,0.06773144503932728,0.22543284201724065,-0.1640047669841703,0.03949558602166644,-0.12610999182405497
2016-09-30,0.9355617518712327,0.07719071128869512,-0.6153709698731079,-0.4893540396728311,0.24757885403439892,-0.7842749111506223,0.04801048245721164,-0.10477810058370575,-0.12092532764161487,Normal,63.64,0.23389043796780817,0.01929767782217378,-0.13809062619324236,0.030947356754299864,-0.09803436389382779
2016-10-31,-0.20739162868942101,0.5832327985179407,0.4460503832336457,-0.38322574983256663,0.06550288896738066,-0.7365696250391568,0.017930029623292792,-0.03873348880702955,-0.03830411769463325,Normal,58.51,-0.051847907172355254,0.14580819962948519,0.007853079175134885,0.008187861120922582,-0.0920712031298946
2016-11-30,1.7261286205221913,0.053260497994373324,-0.08432216717126235,-0.38341324960732953,0.7152895370765476,-0.6552532894460419,0.3938848834856304,0.2286149915614131,0.2237128079168556,Normal,80.95,0.4315321551305478,0.013315124498593331,-0.058466927097323984,0.08941119213456845,-0.08190666118075524
2016-12-31,-1.0336781399770163,0.22253852335033214,0.6461993007299055,-0.10176401889965715,-0.9422907331106198,-0.9887123666169082,-0.37610588139383105,-0.36628457242066065,-0.38092212477048193,Normal,30.0,-0.2584195349942541,0.055634630837583035,0.06805441022878105,-0.11778634163882748,-0.12358904582711353
2017-01-31,-0.8736520511977387,1.0708967661807836,0.10295721571014545,0.25123002299602565,0.48528870793048867,-1.0883890590410557,0.01819703969521172,-0.008611399570225164,-0.025311352171658308,Normal,58.64,-0.21841301279943467,0.2677241915451959,0.044273404838271385,0.060661088491311084,-0.13604863238013196
2017-02-28,0.22153685976133636,1.0231572690071005,0.7627973034055474,0.48135397636129235,0.6927298691961995,-1.092589481263324,0.4167099906545736,0.3481642994113586,0.3302640772591615,Normal,81.77,0.05538421494033409,0.2557893172517751,0.15551890997085496,0.08659123364952494,-0.1365736851579155
2017-03-31,2.1985960565109566,0.8698490688105874,-0.49917368147831126,0.1955165357833165,-0.9106843629870356,-1.0422831328006927,0.48503320114504567,0.1353034139731368,0.04022311113645283,Normal,84.46,0.5496490141277391,0.21746226720264686,-0.03795714321187435,-0.11383554537337945,-0.1302853916000866
2017-04-30,-0.7739551646683329,0.7177731520721556,-0.36486849361655543,-0.009586689656289154,-1.4484191892615472,-0.8872026410903535,-0.3528051298521375,-0.46104317103682035,-0.5205869882390382,Normal,30.93,-0.19348879116708323,0.1794432880180389,-0.046806897909105576,-0.1810523986576934,-0.11090033013629419
2017-05-31,-1.0561359589802093,0.3965561515679748,-0.7393440508275342,-0.25717780431747905,-0.0828487913212396,-1.159726762191919,-0.4447821279353301,-0.4831128693450677,-0.5022854138303021,Normal,27.18,-0.2640339897450523,0.0991390378919937,-0.12456523189312665,-0.01035609891515495,-0.14496584527398987
2017-06-30,0.0036689049377259396,0.8851932704117473,-0.6843040688072752,-0.42394288410759806,-0.2148828002751595,-1.1959197995432542,-0.09266565025429255,-0.2716978962306356,-0.3123237967034597,Normal,48.98,0.0009172262344314849,0.22129831760293683,-0.13853086911435916,-0.026860350034394936,-0.14948997494290678
2017-07-31,0.11072505780080269,0.8816287523848033,-0.6970724372609484,-0.3571096844750897,0.4592097116354986,-1.2195891338941438,0.021268259547066126,-0.13703462230151287,-0.16392833137464086,Normal,58.88,0.027681264450200672,0.22040718809620083,-0.13177276521700476,0.05740121395443733,-0.15244864173676798
2017-08-31,1.0215584853038353,1.5174633844209537,-0.250638653596227,-0.1981126087183699,0.7221180872198438,-1.005050702958655,0.5432949826745213,0.30122299861189683,0.26419836415905185,Elevated,86.87,0.2553896213259588,0.37936584610523844,-0.05609390778932461,0.09026476090248048,-0.12563133786983188
2017-09-30,0.5365605822057871,1.8462824279123078,0.39030896668433407,-0.0006407591725618564,-0.06443437794231512,-1.1865165123232,0.48805041718530595,0.25359338789405855,0.2002693960898574,Normal,84.92,0.13414014555144677,0.46157060697807695,0.04870852593897153,-0.00805429724278939,-0.1483145640404
2017-10-31,0.43161462922688804,2.3566791788991477,0.4091360316275225,-0.1256366059889572,-1.779540331538536,-1.2175624923542665,0.35787302724972925,0.01244840164529959,-0.0903135415148549,Normal,77.5,0.10790365730672201,0.5891697947247869,0.03543742820482066,-0.222442541442317,-0.1521953115442833
2017-11-30,0.04230244186239251,2.343765291217316,0.8270749691167462,-0.00640825731008043,-0.2618659426937418,-1.16144699028386,0.5211861556235601,0.29723691865146207,0.2435081372018322,Elevated,86.57,0.010575610465598127,0.585941322804329,0.10258333897583322,-0.032733242836717726,-0.1451808737854825
2017-12-31,-0.7353764145270908,2.061900973370176,0.7248188358470551,-0.03983369277378429,-0.19497587236570094,-1.1891511076614905,0.24423841009153122,0.1045637869815274,0.0663151560956475,Normal,71.78,-0.1838441036317727,0.515475243342544,0.08562314288415884,-0.024371984045712617,-0.1486438884576863
2018-01-31,-0.8343762304831135,1.8325408878371385,1.1440259199131713,-0.02290535124761635,0.10529932334450977,-1.0865794205775776,0.26702122326756716,0.18966752146441865,0.17326709911667917,Normal,73.4,-0.20859405762077837,0.45813522195928463,0.14014007108319437,0.013162415418063721,-0.1358224275721972
2018-02-28,0.03976002593708954,0.7302648409347591,0.3537001148509497,0.06564531446406792,-0.26685883892486784,0.28986911859776315,0.24780068034145125,0.20206342930996024,0.18897549387502144,Normal,71.57,0.009940006484272386,0.18256621023368977,0.0524181786643772,-0.03335735486560848,0.036233639824720394
2018-03-31,-0.6429425065264348,1.5064741408596183,0.2668948409452057,0.11886940464611814,-0.6435750966891916,-0.12543421461089782,0.1679772753697002,0.080047761437403,0.04214426792417284,Normal,67.8,-0.1607356266316087,0.37661853521490457,0.04822053069891548,-0.08044688708614894,-0.015679276826362228
2018-04-30,1.1220463809187582,1.659293250934654,0.013342147756687864,0.22960390882736864,-1.5764011657931691,-0.21574967380142135,0.5016843100870363,0.20535580814047966,0.11039811039033898,Elevated,85.44,0.28051159522968955,0.4148233127336635,0.03036825707300706,-0.19705014572414614,-0.02696870922517767
2018-05-31,-0.975224641581495,1.3608831952107834,0.5027972816524765,0.4760194132358241,1.4839348202157758,-0.7175781105657285,0.31456131397461556,0.35513865969460606,0.3659816063258438,Normal,74.88,-0.24380616039537376,0.34022079880269585,0.12235208686103757,0.18549185252697198,-0.08969726382071606
2018-06-30,1.1188615463825797,1.4541518095081079,0.2542948189100797,0.495152892607118,-1.0734806063678266,-0.7685537387062877,0.5066800097780573,0.24673778705562857,0.1591102947998015,Elevated,85.58,0.27971538659564493,0.36353795237702696,0.09368096393964971,-0.13418507579597833,-0.09606921733828597
2018-07-31,1.0711702087236887,1.4647458355118508,0.19242933334584889,0.5309447445361065,-0.13417784411327074,-0.8302114034136189,0.603852114853268,0.3824834790984342,0.31635930982113186,Elevated,89.47,0.2677925521809222,0.3661864588779627,0.09042175973524443,-0.016772230514158843,-0.10377642542670236
2018-08-31,-0.5645737078604423,1.6369510509797631,-0.38374006901424473,0.36094114439556635,-0.8715691568341806,-0.9000348605760554,0.04379396802621592,-0.12033759981826556,-0.19549859643895734,Normal,59.05,-0.14114342696511056,0.4092377627449408,-0.002849865577334798,-0.10894614460427257,-0.11250435757200693
2018-09-30,-0.2365385094032739,1.5032973938480145,-0.019749280532472095,0.1115186214500127,0.016421344622757496,-0.8528688197166883,0.2236049543391364,0.0870134583780584,0.04635683963307835,Normal,69.19,-0.059134627350818474,0.37582434846200363,0.011471167614692575,0.002052668077844687,-0.10660860246458603
2018-10-31,-0.27156816412151813,1.6135493437276722,-0.24202681114764737,0.23946057258062634,0.2838537947410079,-0.06743095505505016,0.3622273700414056,0.2593062967875151,0.22700784147682654,Normal,76.89,-0.06789204103037953,0.40338733593191806,-0.00032077982087762996,0.03548172434262599,-0.00842886938188127
2018-11-30,-0.9192517254342815,1.4611331475057898,-1.1782555727890254,-0.037816286264327335,-0.006578021406956566,-0.06241907372271027,-0.025163263755000356,-0.12386458868525187,-0.16245121963404266,Normal,50.23,-0.22981293135857037,0.36528328687644745,-0.1520089823816691,-0.0008222526758695708,-0.007802384215338784
2018-12-31,0.030844638129646624,1.4715331672198282,-1.9440998610380928,-0.15435362140556586,0.07741594616949565,0.615989478287167,0.1999634440889942,0.01622162456041311,-0.03402798442451198,Normal,67.29,0.007711159532411656,0.36788329180495705,-0.2623066853054573,0.009676993271186957,0.07699868478589587
2019-01-31,-2.2997506026858,1.5615031614554078,-1.801938996079272,-0.5690480647788086,1.1343848969139472,-0.04296277932760794,-0.3445074782165657,-0.33630206408368896,-0.328569820107128,Normal,29.77,-0.57493765067145,0.39037579036385195,-0.2963733826072601,0.1417981121142434,-0.0053703474159509925
2019-02-28,-0.17628177243130697,0.7951027624778706,-0.40408233086064377,-0.5422345836800752,0.9481633288066958,-0.5741239591330511,0.08317055440325663,0.007757240863248235,0.016951619261456136,Normal,61.57,-0.04407044310782674,0.19877569061946765,-0.11828961431758986,0.11852041610083698,-0.07176549489163139
2019-03-31,0.107571220265987,0.9316513412262373,0.813381159890209,-0.2462124244467125,0.04857196309572607,-0.6632524539074628,0.25386667095202614,0.1652851343539974,0.15871965507677227,Normal,71.43,0.02689280506649675,0.23291283530655932,0.07089609193043706,0.006071495386965759,-0.08290655673843285
2019-04-30,2.0301271174907467,0.5500300686683252,1.2092295589374837,-0.15056908585377266,1.0053363852695971,-0.8502762036495001,0.796754378377744,0.6323129734771467,0.6361422140556694,Elevated,94.5,0.5075317793726867,0.1375075171670813,0.13233255913546388,0.12566704815869964,-0.10628452545618751
2019-05-31,0.26641310718597505,-0.7266562529501254,0.41447107483000784,-0.3163979393231343,-0.07533297433079517,-0.3843346315027304,-0.16026009523186907,-0.13697293601513372,-0.11775278792679802,Normal,42.01,0.06660327679649376,-0.18166406323753134,0.01225914193835919,-0.009416621791349396,-0.0480418289378413
2019-06-30,0.9551478252411356,-0.42521460201858036,-0.557516327357031,-0.41711348877775795,0.03410194469635428,-0.49168169572189896,-0.04654289008940288,-0.1503793906562964,-0.15918379988465817,Normal,48.18,0.2387869563102839,-0.10630365050464509,-0.12182872701684863,0.004262743087044285,-0.06146021196523737
2019-07-31,1.6084729111500888,-0.3842357499458794,-0.8001027207409038,-0.28973516237065033,0.8511076264569376,-0.802138849308381,0.1759506520556777,0.03056134254020204,0.02208625725166999,Normal,66.52,0.4021182277875222,-0.09605893748646985,-0.13622973538894428,0.1063884533071172,-0.10026735616354762
2019-08-31,1.112702252328543,-0.0631309754651949,-0.7800936630420989,-0.3614851627939829,-0.9586261976611579,-0.10039789840738314,-0.01268254602224084,-0.1918386075068791,-0.23517887821584987,Normal,51.35,0.27817556308213576,-0.015782743866298726,-0.14269735322951022,-0.11982827470764473,-0.012549737300922893
2019-09-30,-1.191062782118536,0.7792569266415836,0.04375831028296047,-0.4041111320902629,0.6258310928892071,-0.5227033740583024,-0.1351046017412878,-0.11150515974222501,-0.09236613485077495,Normal,43.5,-0.297765695529634,0.1948142316603959,-0.045044102725912805,0.07822888661115089,-0.0653379217572878
2019-10-31,-0.35562192993404423,0.6964569234772041,-0.54646375095224,-0.36264424760412256,1.4065222713798897,-0.5324995759445156,0.08082308549566643,0.05095828173702857,0.06955935011150571,Normal,61.16,-0.08890548248351106,0.17411423086930103,-0.11363849981954532,0.17581528392248622,-0.06656244699306445
2019-11-30,-0.6583579890021808,0.8149288423214207,0.037786737157297634,-0.06784161299589962,-0.6799305220907979,-0.8966432362385223,-0.16168586594118028,-0.2416762968081137,-0.27644749712722716,Normal,40.0,-0.1645894972505452,0.20373221058035518,-0.0037568594798252485,-0.08499131526134973,-0.11208040452981528
2019-12-31,-1.4269157994747366,0.5910720630296061,0.10187813364329831,0.11910458446009153,0.45685147890932004,-0.739713209824888,-0.21669581071280486,-0.14962045820955144,-0.14290523530559326,Normal,38.05,-0.35672894986868414,0.14776801575740153,0.02762283976292373,0.057106434863665005,-0.092464151228111
2020-01-31,-2.6283442395562884,0.6297479379876569,0.1870040872968587,0.34970438827367517,1.1104118347743959,-0.7151057622758729,-0.3831472568835258,-0.1777636255832624,-0.14414625910748496,Normal,25.55,-0.6570860598890721,0.15743698449691423,0.06708855944631673,0.13880147934679948,-0.08938822028448411
2020-02-29,0.3368137474319195,3.0,-0.87145725137599,0.13566269353747515,-0.428573685204429,-0.006342396772270739,0.687864606881078,0.3610171846027842,0.2678526119555394,Elevated,93.42,0.08420343685797987,0.75,-0.09197431972981435,-0.053571710650553626,-0.0007927995965338424
2020-03-31,0.6576084722908762,3.0,-3.0,-0.5651182634739942,3.0,3.0,1.2187623351384698,1.0154150348028137,1.0246330452129948,Elevated,99.13,0.16440211807271904,0.75,-0.4456397829342493,0.375,0.375
2020-04-30,-0.04498305728329442,3.0,-3.0,-1.5413893104855234,3.0,2.5834256554021033,0.8690087787937489,0.6661755479388809,0.7026125422986692,Elevated,95.65,-0.011245764320823606,0.75,-0.5676736638106904,0.375,0.3229282069252629
2020-05-31,-1.039918076909796,3.0,-2.593117002339581,-1.6260564979827163,-1.5411198475683463,1.298253892092388,-0.06773445120223093,-0.4169929221180085,-0.4916346544508428,Normal,47.19,-0.259979519227449,0.75,-0.5273966875402871,-0.1926399809460433,0.1622817365115485
2020-06-30,3.0,3.0,1.5754085700472014,-1.1878303566283501,-3.0,1.3174317661179573,1.3381262474421012,0.7841683299228013,0.6866566683617347,Elevated,99.14,0.75,0.75,0.048447276677356405,-0.375,0.16467897076474466
2020-07-31,-1.0384211160731294,3.0,3.0,-0.9518314422291579,-3.0,0.8059798996167263,0.47216327815516373,0.30262122355240656,0.2679455196964172,Normal,81.12,-0.25960527901828234,0.75,0.25602106972135524,-0.375,0.10074748745209079
2020-08-31,0.25681040573732505,2.5665467176265726,2.2265132686518023,-0.7145498510041851,-0.7994108142281335,0.33752168378726805,0.8370985667418183,0.6455719017617748,0.6335556583345444,Elevated,94.02,0.06420260143433126,0.6416366794066432,0.18899542720595214,-0.09992635177851669,0.042190210473408506
2020-09-30,0.46603315033318365,1.2271931171244155,-0.0036448055282762492,-0.6219418966351052,0.02582689904455654,0.8991869043784647,0.46073495452185476,0.33210889478620653,0.33006018196820985,Normal,80.0,0.11650828758329591,0.30679827928110387,-0.07819833777042269,0.0032283623805695674,0.11239836304730809
2020-10-31,-1.0649670021665503,0.43460134247378,-0.33218651537186955,-0.7527007764854141,-0.6508331513631501,1.1076313393382122,-0.23610255290847026,-0.20974246059583196,-0.19442613460004535,Normal,34.32,-0.26624175054163757,0.108650335618445,-0.13561091148216045,-0.08135414392039376,0.13845391741727653
2020-11-30,-0.2780729574108443,1.448823630713556,-0.33586177409496226,-0.7955248525839854,-0.2633662219844635,0.5783617833323303,0.19063878515929283,0.05905993466193843,0.04853926675097277,Normal,66.24,-0.06951823935271108,0.362205907678389,-0.14142332833486845,-0.03292077774805794,0.0722952229165413
2020-12-31,0.30120826264022377,2.8616430049401282,0.7510233128124876,-0.6736092252338183,-1.0901664422683919,0.2657780511958358,0.6973410289583523,0.4026461606810775,0.34844450416664147,Elevated,92.02,0.07530206566005594,0.7154107512350321,0.009676760947333662,-0.13627080528354898,0.033222256399479476
2021-01-31,0.11467419354398817,2.2904568065552917,1.408955092885443,-0.6275979850795598,-0.40762800768568336,0.5662400823126097,0.7187788978289212,0.5575166970886816,0.5488998898118312,Elevated,92.47,0.028668548385997042,0.5726142016388229,0.09766963847573541,-0.05095350096071042,0.07078001028907621
2021-02-28,0.4498549807369452,3.0,2.00554458763668,-0.38105367249128497,2.8787043086511277,0.3548015113170921,1.469713337073438,1.3846419526417602,1.443472258815902,Elevated,100.0,0.1124637451842363,0.75,0.2030613643931744,0.35983803858139096,0.04435018891463651
2021-03-31,0.7005584978519749,3.0,1.4141291826063036,0.4468637619087784,-2.416472658113036,0.1995377665694339,0.8806468810844288,0.5574360918039092,0.4451780806084366,Elevated,95.02,0.17513962446299372,0.75,0.23262411806438527,-0.3020590822641295,0.024942220821179237
2021-04-30,1.7029051456090167,3.0,0.7258919094614377,1.6620332780421825,-0.10430189287388539,-0.3271458508249322,1.4202859668778547,1.1098970982356364,0.9948816990628788,Elevated,99.59,0.4257262864022542,0.75,0.29849064843795253,-0.013037736609235673,-0.040893231353116524
2021-05-31,-0.6825201290598912,3.0,0.31584333190886094,2.299951631180981,-0.7015698193321623,-0.04737362601163163,0.8127264074532833,0.6973885647810261,0.5772577672253587,Elevated,92.18,-0.1706300322649728,0.75,0.32697437038623023,-0.08769622741652029,-0.0059217032514539535
2021-06-30,0.9952502617891092,3.0,0.5186419915046031,2.5829951427043905,-0.2625921853585894,-0.381871654224072,1.305959227275569,1.07540392606924,0.9379522007655211,Elevated,97.95,0.2488125654472773,0.75,0.3877046417761242,-0.03282402316982368,-0.047733956778009
2021-07-31,-0.2299400180473486,3.0,0.6617309912712921,2.5057137263616127,-0.33502008662292604,-0.3044610616718372,1.0085104416554307,0.8830039252151322,0.7643411522994583,Elevated,95.1,-0.05748500451183715,0.75,0.3959305897041131,-0.041877510827865755,-0.03805763270897965
2021-08-31,0.8162409557701331,3.0,-0.006635454922608751,2.397464185913969,0.22385313171128784,-0.3194319870439522,1.2409664733998702,1.0185818052381383,0.8917173313157472,Elevated,97.56,0.20406023894253328,0.75,0.29885359137392004,0.02798164146391098,-0.039928998380494025
2021-09-30,0.796374115171977,3.0,-0.18195805599279674,2.5268362427030255,1.049432029723619,-0.03657603613600285,1.3688103013302249,1.1923513825783036,1.0841867008834285,Elevated,98.79,0.19909352879299425,0.75,0.2931097733387786,0.13117900371545238,-0.004572004517000356
2021-10-31,-1.319900686858213,3.0,0.4132999793059458,3.0,-1.090921139304923,-0.27111416909620567,0.676432912148549,0.6218939973411007,0.4812394326593621,Elevated,86.69,-0.32997517171455326,0.75,0.42666249741324325,-0.13636514241311537,-0.03388927113702571
2021-11-30,-0.6586722313142079,3.0,0.6333992535248679,3.0,-0.524538105691241,-0.1946574317600578,0.9496074066806441,0.8759219141265602,0.7464910353225002,Elevated,93.98,-0.16466805782855198,0.75,0.4541749066906085,-0.06556726321140513,-0.024332178970007223
2021-12-31,-1.1135598421556137,3.0,-0.2005343703163984,3.0,0.2955146693860525,0.1497874770557424,0.8772060114767711,0.8552013223282973,0.74189847005815,Elevated,92.4,-0.2783899605389034,0.75,0.3499332037104502,0.03693933367325656,0.0187234346319678
2022-01-31,-1.461400301911145,3.0,-0.09819060113842783,3.0,0.37498374089186365,0.37083874664738126,0.840603910322316,0.8643719307482787,0.7621593949781741,Elevated,90.84,-0.36535007547778625,0.75,0.36272617485769654,0.046872967611482956,0.04635484333092266
2022-02-28,1.5048879779434197,2.916574056896871,0.5813088095356156,3.0,-0.477920129802015,0.681393243299718,1.5784632490892374,1.3677073263122683,1.2250660519085734,Severe,100.0,0.3762219944858549,0.7291435142242177,0.4476636011919519,-0.05974001622525187,0.08517415541246474
2022-03-31,0.4516516561696516,2.917800516629306,2.3506368516070197,3.0,-0.44286019076665367,0.8275240577954852,1.559275633029221,1.5174588152391346,1.4223684033039459,Severe,99.6,0.1129129140424129,0.7294501291573265,0.6688296064508774,-0.05535752384583171,0.10344050722443565
2022-04-30,-0.05375579437994254,3.0,0.8893548082761894,3.0,0.009858973122547583,0.5095815344520584,1.2876604658863637,1.2258399202451422,1.1164857661638399,Elevated,96.46,-0.013438948594985635,0.75,0.4861693510345237,0.001232371640318448,0.0636976918065073
2022-05-31,0.1237597725299642,2.7006697477309465,0.7500582926984769,3.0,0.14076770341925227,1.1085681527010294,1.3310316486675724,1.303970611513278,1.207097428849978,Elevated,96.86,0.03093994313249105,0.6751674369327366,0.46875728658730964,0.017595962927406533,0.13857101908762867
2022-06-30,-0.5982179048646292,2.3437283004847074,0.06974002677325784,3.0,0.31670631665065724,0.9730139717241719,0.9813101382985304,1.017495118461361,0.927047703068614,Elevated,92.58,-0.1495544762161573,0.5859320751211768,0.3837175033466572,0.039588289581332155,0.12162674646552149
2022-07-31,-0.6970121218172401,1.7441101992896215,-0.22796192670188625,3.0,-0.12372428101630815,0.5773716436762538,0.6649851988628528,0.7121305855717401,0.6128915310957626,Elevated,82.88,-0.17425303045431004,0.4360275498224054,0.3465047591622642,-0.01546553512703852,0.07217145545953173
2022-08-31,-1.947801878677264,1.417747636761893,-0.9398131360480654,3.0,0.15758333114950734,0.23190156137186832,0.17369540908032108,0.3199362524263233,0.23238832856557406,Normal,60.08,-0.486950469669316,0.35443690919047327,0.25752335799399184,0.019697916393688418,0.02898769517148354
2022-09-30,2.9346573801308993,0.9449198493085239,-1.5395211399967565,3.0,-0.11607482811295602,0.8611630260875489,1.2455901896070856,1.0141907145695435,0.8662491214326189,Elevated,95.75,0.7336643450327248,0.23622996232713098,0.18255985750040543,-0.014509353514119503,0.10764537826094361
2022-10-31,-0.7399466107637506,1.036756431907252,-0.8968209597040758,3.0,0.08339241683628666,1.1838756828357484,0.49550834778187025,0.6112094935185768,0.5277472272799618,Normal,76.92,-0.18498665269093764,0.259189107976813,0.26289738003699054,0.010424052104535833,0.14798446035446855
2022-11-30,-0.39089125669253966,1.15644830150317,-0.6997524610107999,2.7042505672078234,0.3033763174206725,0.36183196922501387,0.5251025603079963,0.5725439062755566,0.48793742956260555,Elevated,78.93,-0.09772281417313491,0.2891120753757925,0.25056226327462794,0.03792203967758406,0.045228996153126734
2022-12-31,0.3125122720501488,1.2181718297083017,-0.6657894368743211,2.253977391543011,1.064906035331337,0.17574697058301927,0.7362761455124934,0.7265875103902493,0.6607195884432304,Elevated,86.64,0.0781280680125372,0.30454295742707543,0.1985234943335862,0.13311325441641714,0.02196837132287741
2023-01-31,-2.139836100772219,0.9663450264650789,-0.7381474130599666,2.18628580668363,-0.5929682445509455,-0.021248505661943525,-0.18913256315043817,-0.05659490514939425,-0.13169518490708637,Normal,34.6,-0.5349590251930547,0.24158625661626973,0.18101729920295792,-0.0741210305688682,-0.0026560632077429406
2023-02-28,1.5407307601233442,-0.288849513314586,-0.6449811081033532,1.9557517657484293,-0.06975855346771674,-0.02733045432341414,0.4646805179339327,0.41092714944378383,0.33565766169678696,Normal,73.11,0.38518269003083605,-0.0722123783286465,0.16384633220563452,-0.008719819183464593,-0.0034163067904267675
2023-03-31,1.3473773268754328,-1.1812760251568717,-0.4043748480231378,1.3544200569724079,-0.27769351573581075,0.1590505346266437,0.14545060390965317,0.16625058825977734,0.1272422625065922,Normal,56.98,0.3368443317188582,-0.2953190062892179,0.11875565111865877,-0.03471168946697634,0.019881316828330463
2023-04-30,0.36632296460704256,-1.309313190918594,-0.11267452850539464,1.3659986488080793,-0.1504212213403313,-0.31030792996319967,-0.13667318545299367,-0.025065876218732984,-0.04747366507015735,Normal,38.35,0.09158074115176064,-0.3273282977296485,0.15666551503783557,-0.018802652667541414,-0.03878849124539996
2023-05-31,-1.5060209919654632,-1.5687094988273216,-0.5386297856002712,0.9003264845890647,0.3275381926428056,-0.3318624059277661,-0.7240110619852171,-0.45289300084815853,-0.43133383766115024,Normal,8.99,-0.3765052479913658,-0.3921773747068304,0.04521208737359919,0.0409422740803507,-0.041482800740970764
2023-06-30,0.30485321861263576,-1.1149203422598202,-0.4025567188932068,0.30206994543851046,0.7450684746342314,-0.7795924726823001,-0.21939312734964173,-0.15751298252499152,-0.14536812394926607,Normal,32.46,0.07621330465315894,-0.27873008556495504,-0.012560846681837046,0.09313355932927893,-0.09744905908528752
2023-07-31,0.00015936532657536212,-0.9499393476118925,-0.40773815263999297,0.42353394652969256,-0.6377283403584232,-0.7860849807085928,-0.4134471864684938,-0.3929662515771055,-0.41870880321575543,Normal,21.56,3.984133164384053e-05,-0.23748483690297312,0.0019744742362124493,-0.0797160425448029,-0.0982606225885741
2023-08-31,-0.2523965473460401,-1.0697969426326053,0.4933577380364663,0.667355783034322,0.10635524676660203,-0.5471128417370663,-0.24055388173212086,-0.10037292731305356,-0.0883582316393674,Normal,30.74,-0.06309913683651003,-0.2674492356581513,0.14508919013384852,0.013294405845825254,-0.06838910521713329
2023-09-30,1.9455107933001652,-0.668865140552508,1.1748404160142116,0.6458397677825704,-0.10929191063170397,-0.6298814177881288,0.4543497701090329,0.39302541802076774,0.3761580119381793,Normal,72.69,0.4863776983250413,-0.167216285138127,0.22758502297459776,-0.013661488828962997,-0.0787351772235161
2023-10-31,-0.6415963057888997,-0.39282062188084776,0.43163622473753616,0.39848367941816837,0.5258510076212695,-0.1685535601996008,-0.11017706297026521,0.025500070651270954,0.05023506587970015,Normal,39.71,-0.16039907644722493,-0.09820515547021194,0.10376498801946307,0.06573137595265868,-0.0210691950249501
2023-11-30,3.0,0.11964685300763728,-0.42951735376173167,0.3311221408759556,-0.29718299733131004,-0.7712532527816046,0.634057780377073,0.3254692316681578,0.2523827773613079,Elevated,82.05,0.75,0.02991171325190932,-0.01229940161072201,-0.037147874666413755,-0.09640665659770058
2023-12-31,-1.1555155783507949,-0.19378551248235637,-1.185989250109453,0.43375021433845135,0.27421756783824486,-0.9302656735187554,-0.5133611653897269,-0.4595980387141105,-0.4788276757457963,Normal,16.79,-0.2888788945876987,-0.04844637812058909,-0.09402987947137523,0.03427719597978061,-0.11628320918984443
2024-01-31,-1.3125423599570547,-0.36457900753608846,-0.8703109837020888,0.30402081999369196,1.2509836444418572,-0.8443346413137737,-0.4392354869458249,-0.30612708801224275,-0.2851698985276383,Normal,20.36,-0.3281355899892637,-0.09114475188402212,-0.0707862704635496,0.15637295555523215,-0.10554183016422171
2024-02-29,1.6902416975214154,-0.22107726145629988,-0.2215574936186343,0.34244959416784565,-0.8960415607074843,-0.7687731532180264,0.17430078234424148,-0.01245969621853063,-0.07443646277849275,Normal,60.14,0.42256042438035385,-0.05526931536407497,0.015111512568651418,-0.11200519508843554,-0.0960966441522533
2024-03-31,-0.6165923088606373,-0.3732708212815167,0.46444141124114374,0.5291161644432522,-0.1051396137885428,-0.7903188700854547,-0.2352033960592387,-0.14862733972195924,-0.1515442364834634,Normal,31.41,-0.15414807721515933,-0.09331770532037917,0.1241946969605495,-0.01314245172356785,-0.09878985876068183
2024-04-30,-0.3926123654341184,-0.9551051010156124,0.5673311903438353,0.45632161811569505,0.23326197356529238,-0.49643465637669315,-0.24186935090641654,-0.0978728901336002,-0.07594789069441638,Normal,30.58,-0.0981530913585296,-0.2387762752539031,0.12795660105744128,0.029157746695661547,-0.062054332047086644
2024-05-31,0.14795252555470964,-0.5891496251748645,-0.015486523578979587,0.3890667785738114,-0.498268064786509,-0.8782878499051805,-0.23567123236714593,-0.24069545988616875,-0.26514833741213734,Normal,31.54,0.03698813138867741,-0.14728740629371612,0.04669753187435398,-0.06228350809831362,-0.10978598123814756
2024-06-30,0.33403659957090387,-0.367930845789741,-0.2907599007830587,0.23207982195550103,0.020026785957854388,-0.9242319473776208,-0.1288342165856248,-0.16612991441102687,-0.1857051152678371,Normal,40.36,0.08350914989272597,-0.09198271144743525,-0.007335009853444707,0.0025033482447317985,-0.1155289934222026
2024-07-31,-0.7232727822575002,-0.07041681870839499,-0.4068181924221966,0.2152420590125492,0.8499845253510926,-0.7099688585880536,-0.20486745857229985,-0.1408750112687506,-0.1309190187929931,Normal,34.88,-0.18081819556437506,-0.017604204677098747,-0.023947016676205923,0.10624806566888657,-0.0887461073235067
2024-08-31,0.09544622418814798,0.16946948398075898,-0.4067860874361176,0.02363632222829572,-0.35747718786572885,-0.0932525953688418,-0.038006016513072324,-0.0948273067122476,-0.1175642386233724,Normal,45.04,0.023861556047036995,0.042367370995189745,-0.04789372065097774,-0.044684648483216106,-0.011656574421105225
2024-09-30,0.4055202420414806,0.07312524171456793,-0.8007903748086216,-0.07991021185025053,0.5933781399817425,-0.29883961571774176,0.04639111313965322,-0.01791942977313711,-0.02560582010138717,Normal,54.06,0.10138006051037016,0.01828131042864198,-0.11008757333235901,0.07417226749771781,-0.03735495196471772
2024-10-31,-1.3235919693604203,-0.36959186868521604,-0.8009882735014946,0.007655304897713065,0.34410753866825927,-0.011096956031609715,-0.48083625775730054,-0.358917704002128,-0.34122743919403864,Normal,17.61,-0.3308979923401051,-0.09239796717130401,-0.0991666210754727,0.04301344233353241,-0.0013871195039512143
2024-11-30,-0.21120828896236304,-0.301466957701985,-0.6353390281220735,0.08847656505668788,0.2003030754058183,-0.5038919668073503,-0.23447523097445172,-0.22718776685521094,-0.23380418835287115,Normal,31.93,-0.05280207224059076,-0.07536673942549625,-0.06835780788317321,0.025037884425727287,-0.06298649585091878
2024-12-31,-1.067297499737501,-0.2816387949035867,-0.1958838574149116,0.1753938149235714,-0.8827360394902698,-0.5216592786996266,-0.5153447437454265,-0.4623036092203873,-0.4808258574819963,Normal,16.08,-0.2668243749343753,-0.07040969872589667,-0.0025612553114175256,-0.11034200493628372,-0.06520740983745332
2025-01-31,-1.060501193951299,-0.20384078417896287,0.07869200014738369,0.24446514261722446,0.277267634889304,-0.4090074747492816,-0.2921583316694866,-0.1788207792042719,-0.16468582881846922,Normal,26.83,-0.26512529848782473,-0.05096019604474072,0.04039464284557602,0.034658454361163,-0.0511259343436602
2025-02-28,2.289530476535136,-0.029284335156323865,-0.07207208754020279,0.13467457528196017,-0.875086748156356,-0.3818790245826779,0.4157661247200435,0.17764714273025592,0.11796299352056636,Normal,72.92,0.572382619133784,-0.007321083789080966,0.007825310967719672,-0.1093858435195445,-0.04773487807283474
2025-03-31,0.9447651553441809,-0.2037342315809313,-0.3245815792101251,-0.10824800568250005,0.09872283411470371,0.23106977933979517,0.1723781095110466,0.10633232538752055,0.1010977843311007,Normal,60.9,0.23619128883604523,-0.05093355789523282,-0.05410369811157814,0.012340354264337964,0.028883722417474396
2025-04-30,-0.5975455049009084,-0.26165191879432104,-1.0116318972403788,-0.14086020179681452,-0.030470461125580068,1.506146264072949,-0.17440139293503537,-0.08933561996417566,-0.07226875305408148,Normal,37.24,-0.1493863762252271,-0.06541297969858026,-0.14406151237964918,-0.0038088076406975085,0.18826828300911863
2025-05-31,-0.04181632346136401,0.24441666262954034,-0.8536103128702929,-0.1105318395943379,0.19011512979211578,0.05204210147509373,-0.039598030357633575,-0.08656409700487416,-0.09790605428058291,Normal,45.36,-0.010454080865341003,0.061104165657385086,-0.12051776905807884,0.023764391224014473,0.006505262684386716
2025-06-30,0.05445317987065287,0.05898342558433874,-0.1861181290421759,0.06584250269038068,-0.40770007666527885,-0.2073052218802224,-0.06355096424841415,-0.10364071990705082,-0.12357316059736909,Normal,44.86,0.013613294967663217,0.014745856396084686,-0.015034453293974402,-0.05096250958315986,-0.0259131527350278
2025-07-31,1.1082789165500413,-0.009384293701573457,0.21111451865911832,0.10192212741721383,-0.31868763938363337,-0.4615815353113779,0.216319589634782,0.10527701570496481,0.07879958921355804,Normal,64.51,0.2770697291375103,-0.0023460734253933644,0.03912958075954152,-0.03983595492295417,-0.05769769191392224
2025-08-31,-0.08866765932375048,-0.11682781365355883,0.04086660126731288,0.21600875191262423,0.28553929867226313,-0.5402116625548382,-0.05109849458215707,-0.03388208061332454,-0.03497214142553555,Normal,44.9,-0.02216691483093762,-0.02920695341338971,0.03210941914749214,0.03569241233403289,-0.06752645781935478
2025-09-30,0.06465332978320133,-0.048153806370684525,-0.4997722692659517,0.26468704465324405,0.009671911452402407,-0.5340657916781625,-0.09081000725167926,-0.12382993023765848,-0.1460083969904501,Normal,42.03,0.016163332445800333,-0.012038451592671131,-0.029385653076588455,0.001208988931550301,-0.06675822395977031
2025-10-31,-0.4101119152079312,-0.10687528958598509,-0.7456732748689795,0.09267199010835778,0.45501663660444086,-0.24207355880941941,-0.18425407706917915,-0.15950756862658608,-0.15961401108865164,Normal,36.15,-0.1025279788019828,-0.026718822396496273,-0.08162516059507771,0.05687707957555511,-0.030259194851177427
2025-11-30,0.956256760262976,-0.18522431149095034,-0.5599816455263074,0.07338165742938434,-0.08944209628282519,-0.028862754659538876,0.11714500731309554,0.027687934955456437,0.005005216096446611,Normal,58.25,0.239064190065744,-0.046306077872737585,-0.060824998512115376,-0.011180262035353149,-0.0036078443324423595
2025-12-31,-1.0868385374778382,0.5031321972429565,-0.6602627503786599,0.047964860204023435,-0.23544707526975917,-0.5642166504288699,-0.3224217870428786,-0.3326113260180245,-0.3555923235138848,Normal,24.5,-0.27170963436945955,0.12578304931073914,-0.07653723627182955,-0.029430884408719896,-0.07052708130360874
2026-01-31,0.3909415045236902,0.38406755992500313,-0.24704138262071546,-0.10607745824072813,-0.5897736061217097,-0.4830529795762182,0.015509087792251894,-0.10848939368511304,-0.14412723780021638,Normal,50.17,0.09773537613092255,0.09601688998125078,-0.04413985510768045,-0.07372170076521371,-0.06038162244702727
2026-02-28,-0.14142061869129854,0.45236583024399574,0.20897275826729284,-0.08072996474912081,-0.08688568037690166,-0.09684774716562898,0.07079997363512947,0.042575762921389766,0.0376613946290594,Normal,56.33,-0.035355154672824636,0.11309145756099893,0.016030349189771503,-0.010860710047112707,-0.012105968395703623
